,Participant,Feature,Dataset,Factor,Score,Word Frequency,AoA,Word Length,Polysemy,CERF,Type
0,4,PaymentMethod,2,F1,24,117,11.15,14.0,2,B2,C
1,11,PaymentMethod,2,F1,30,117,11.15,14.0,2,B2,C
2,16,PaymentMethod,2,F1,24,117,11.15,14.0,2,B2,C
3,24,PaymentMethod,2,F1,26,117,11.15,14.0,2,B2,C
4,31,PaymentMethod,2,F1,28,117,11.15,14.0,2,B2,C
5,33,PaymentMethod,2,F1,28,117,11.15,14.0,2,B2,C
6,36,PaymentMethod,2,F1,22,117,11.15,14.0,2,B2,C
7,46,PaymentMethod,2,F1,30,117,11.15,14.0,2,B2,C
8,48,PaymentMethod,2,F1,30,117,11.15,14.0,2,B2,C
9,49,PaymentMethod,2,F1,24,117,11.15,14.0,2,B2,C
10,50,PaymentMethod,2,F1,26,117,11.15,14.0,2,B2,C
11,51,PaymentMethod,2,F1,20,117,11.15,14.0,2,B2,C
12,55,PaymentMethod,2,F1,23,117,11.15,14.0,2,B2,C
13,56,PaymentMethod,2,F1,30,117,11.15,14.0,2,B2,C
14,60,PaymentMethod,2,F1,26,117,11.15,14.0,2,B2,C
15,63,PaymentMethod,2,F1,30,117,11.15,14.0,2,B2,C
16,64,PaymentMethod,2,F1,27,117,11.15,14.0,2,B2,C
17,65,PaymentMethod,2,F1,24,117,11.15,14.0,2,B2,C
18,71,PaymentMethod,2,F1,23,117,11.15,14.0,2,B2,C
19,72,PaymentMethod,2,F1,25,117,11.15,14.0,2,B2,C
20,78,PaymentMethod,2,F1,30,117,11.15,14.0,2,B2,C
21,81,PaymentMethod,2,F1,30,117,11.15,14.0,2,B2,C
22,87,PaymentMethod,2,F1,30,117,11.15,14.0,2,B2,C
23,94,PaymentMethod,2,F1,25,117,11.15,14.0,2,B2,C
24,98,PaymentMethod,2,F1,24,117,11.15,14.0,2,B2,C
25,99,PaymentMethod,2,F1,30,117,11.15,14.0,2,B2,C
26,100,PaymentMethod,2,F1,24,117,11.15,14.0,2,B2,C
27,110,PaymentMethod,2,F1,24,117,11.15,14.0,2,B2,C
28,112,PaymentMethod,2,F1,26,117,11.15,14.0,2,B2,C
29,114,PaymentMethod,2,F1,23,117,11.15,14.0,2,B2,C
30,121,PaymentMethod,2,F1,23,117,11.15,14.0,2,B2,C
31,2,PaperlessBilling,2,F1,22,15,10.91,17.0,1,C2,C
32,4,PaperlessBilling,2,F1,24,15,10.91,17.0,1,C2,C
33,8,PaperlessBilling,2,F1,24,15,10.91,17.0,1,C2,C
34,10,PaperlessBilling,2,F1,6,15,10.91,17.0,1,C2,C
35,11,PaperlessBilling,2,F1,30,15,10.91,17.0,1,C2,C
36,15,PaperlessBilling,2,F1,22,15,10.91,17.0,1,C2,C
37,17,PaperlessBilling,2,F1,24,15,10.91,17.0,1,C2,C
38,21,PaperlessBilling,2,F1,29,15,10.91,17.0,1,C2,C
39,23,PaperlessBilling,2,F1,27,15,10.91,17.0,1,C2,C
40,33,PaperlessBilling,2,F1,30,15,10.91,17.0,1,C2,C
41,36,PaperlessBilling,2,F1,22,15,10.91,17.0,1,C2,C
42,39,PaperlessBilling,2,F1,24,15,10.91,17.0,1,C2,C
43,44,PaperlessBilling,2,F1,24,15,10.91,17.0,1,C2,C
44,50,PaperlessBilling,2,F1,11,15,10.91,17.0,1,C2,C
45,54,PaperlessBilling,2,F1,30,15,10.91,17.0,1,C2,C
46,56,PaperlessBilling,2,F1,30,15,10.91,17.0,1,C2,C
47,62,PaperlessBilling,2,F1,24,15,10.91,17.0,1,C2,C
48,64,PaperlessBilling,2,F1,29,15,10.91,17.0,1,C2,C
49,71,PaperlessBilling,2,F1,29,15,10.91,17.0,1,C2,C
50,75,PaperlessBilling,2,F1,24,15,10.91,17.0,1,C2,C
51,81,PaperlessBilling,2,F1,29,15,10.91,17.0,1,C2,C
52,87,PaperlessBilling,2,F1,30,15,10.91,17.0,1,C2,C
53,98,PaperlessBilling,2,F1,14,15,10.91,17.0,1,C2,C
54,99,PaperlessBilling,2,F1,29,15,10.91,17.0,1,C2,C
55,102,PaperlessBilling,2,F1,30,15,10.91,17.0,1,C2,C
56,103,PaperlessBilling,2,F1,24,15,10.91,17.0,1,C2,C
57,120,PaperlessBilling,2,F1,24,15,10.91,17.0,1,C2,C
58,11,Contract,2,F1,30,55659,9.21,8.0,12,B1,C
59,15,Contract,2,F1,22,55659,9.21,8.0,12,B1,C
60,16,Contract,2,F1,24,55659,9.21,8.0,12,B1,C
61,29,Contract,2,F1,30,55659,9.21,8.0,12,B1,C
62,31,Contract,2,F1,30,55659,9.21,8.0,12,B1,C
63,32,Contract,2,F1,28,55659,9.21,8.0,12,B1,C
64,33,Contract,2,F1,30,55659,9.21,8.0,12,B1,C
65,44,Contract,2,F1,30,55659,9.21,8.0,12,B1,C
66,46,Contract,2,F1,30,55659,9.21,8.0,12,B1,C
67,48,Contract,2,F1,28,55659,9.21,8.0,12,B1,C
68,49,Contract,2,F1,29,55659,9.21,8.0,12,B1,C
69,51,Contract,2,F1,18,55659,9.21,8.0,12,B1,C
70,54,Contract,2,F1,30,55659,9.21,8.0,12,B1,C
71,55,Contract,2,F1,26,55659,9.21,8.0,12,B1,C
72,59,Contract,2,F1,20,55659,9.21,8.0,12,B1,C
73,63,Contract,2,F1,30,55659,9.21,8.0,12,B1,C
74,64,Contract,2,F1,29,55659,9.21,8.0,12,B1,C
75,68,Contract,2,F1,30,55659,9.21,8.0,12,B1,C
76,72,Contract,2,F1,29,55659,9.21,8.0,12,B1,C
77,75,Contract,2,F1,30,55659,9.21,8.0,12,B1,C
78,78,Contract,2,F1,28,55659,9.21,8.0,12,B1,C
79,79,Contract,2,F1,30,55659,9.21,8.0,12,B1,C
80,91,Contract,2,F1,30,55659,9.21,8.0,12,B1,C
81,92,Contract,2,F1,29,55659,9.21,8.0,12,B1,C
82,96,Contract,2,F1,29,55659,9.21,8.0,12,B1,C
83,103,Contract,2,F1,24,55659,9.21,8.0,12,B1,C
84,112,Contract,2,F1,30,55659,9.21,8.0,12,B1,C
85,114,Contract,2,F1,23,55659,9.21,8.0,12,B1,C
86,117,Contract,2,F1,26,55659,9.21,8.0,12,B1,C
87,121,Contract,2,F1,27,55659,9.21,8.0,12,B1,C
88,8,StreamingMovies,2,F1,25,34,6.47,16.0,1,C2,C
89,11,StreamingMovies,2,F1,30,34,6.47,16.0,1,C2,C
90,15,StreamingMovies,2,F1,21,34,6.47,16.0,1,C2,C
91,17,StreamingMovies,2,F1,24,34,6.47,16.0,1,C2,C
92,19,StreamingMovies,2,F1,25,34,6.47,16.0,1,C2,C
93,21,StreamingMovies,2,F1,28,34,6.47,16.0,1,C2,C
94,24,StreamingMovies,2,F1,24,34,6.47,16.0,1,C2,C
95,32,StreamingMovies,2,F1,26,34,6.47,16.0,1,C2,C
96,36,StreamingMovies,2,F1,16,34,6.47,16.0,1,C2,C
97,39,StreamingMovies,2,F1,24,34,6.47,16.0,1,C2,C
98,43,StreamingMovies,2,F1,26,34,6.47,16.0,1,C2,C
99,46,StreamingMovies,2,F1,30,34,6.47,16.0,1,C2,C
100,51,StreamingMovies,2,F1,16,34,6.47,16.0,1,C2,C
101,54,StreamingMovies,2,F1,29,34,6.47,16.0,1,C2,C
102,56,StreamingMovies,2,F1,30,34,6.47,16.0,1,C2,C
103,60,StreamingMovies,2,F1,27,34,6.47,16.0,1,C2,C
104,68,StreamingMovies,2,F1,25,34,6.47,16.0,1,C2,C
105,71,StreamingMovies,2,F1,24,34,6.47,16.0,1,C2,C
106,72,StreamingMovies,2,F1,24,34,6.47,16.0,1,C2,C
107,78,StreamingMovies,2,F1,28,34,6.47,16.0,1,C2,C
108,92,StreamingMovies,2,F1,23,34,6.47,16.0,1,C2,C
109,94,StreamingMovies,2,F1,23,34,6.47,16.0,1,C2,C
110,96,StreamingMovies,2,F1,30,34,6.47,16.0,1,C2,C
111,99,StreamingMovies,2,F1,20,34,6.47,16.0,1,C2,C
112,102,StreamingMovies,2,F1,30,34,6.47,16.0,1,C2,C
113,103,StreamingMovies,2,F1,24,34,6.47,16.0,1,C2,C
114,110,StreamingMovies,2,F1,23,34,6.47,16.0,1,C2,C
115,114,StreamingMovies,2,F1,23,34,6.47,16.0,1,C2,C
116,115,StreamingMovies,2,F1,30,34,6.47,16.0,1,C2,C
117,117,StreamingMovies,2,F1,27,34,6.47,16.0,1,C2,C
118,120,StreamingMovies,2,F1,20,34,6.47,16.0,1,C2,C
119,121,StreamingMovies,2,F1,23,34,6.47,16.0,1,C2,C
120,2,StreamingTV,2,F1,21,21,6.47,12.0,1,C2,C
121,10,StreamingTV,2,F1,22,21,6.47,12.0,1,C2,C
122,11,StreamingTV,2,F1,30,21,6.47,12.0,1,C2,C
123,15,StreamingTV,2,F1,23,21,6.47,12.0,1,C2,C
124,17,StreamingTV,2,F1,24,21,6.47,12.0,1,C2,C
125,19,StreamingTV,2,F1,24,21,6.47,12.0,1,C2,C
126,21,StreamingTV,2,F1,28,21,6.47,12.0,1,C2,C
127,23,StreamingTV,2,F1,30,21,6.47,12.0,1,C2,C
128,31,StreamingTV,2,F1,28,21,6.47,12.0,1,C2,C
129,33,StreamingTV,2,F1,30,21,6.47,12.0,1,C2,C
130,43,StreamingTV,2,F1,28,21,6.47,12.0,1,C2,C
131,44,StreamingTV,2,F1,24,21,6.47,12.0,1,C2,C
132,49,StreamingTV,2,F1,26,21,6.47,12.0,1,C2,C
133,50,StreamingTV,2,F1,26,21,6.47,12.0,1,C2,C
134,55,StreamingTV,2,F1,23,21,6.47,12.0,1,C2,C
135,56,StreamingTV,2,F1,29,21,6.47,12.0,1,C2,C
136,59,StreamingTV,2,F1,23,21,6.47,12.0,1,C2,C
137,60,StreamingTV,2,F1,28,21,6.47,12.0,1,C2,C
138,62,StreamingTV,2,F1,25,21,6.47,12.0,1,C2,C
139,63,StreamingTV,2,F1,28,21,6.47,12.0,1,C2,C
140,64,StreamingTV,2,F1,25,21,6.47,12.0,1,C2,C
141,65,StreamingTV,2,F1,24,21,6.47,12.0,1,C2,C
142,68,StreamingTV,2,F1,22,21,6.47,12.0,1,C2,C
143,71,StreamingTV,2,F1,24,21,6.47,12.0,1,C2,C
144,79,StreamingTV,2,F1,30,21,6.47,12.0,1,C2,C
145,81,StreamingTV,2,F1,30,21,6.47,12.0,1,C2,C
146,87,StreamingTV,2,F1,30,21,6.47,12.0,1,C2,C
147,96,StreamingTV,2,F1,25,21,6.47,12.0,1,C2,C
148,98,StreamingTV,2,F1,24,21,6.47,12.0,1,C2,C
149,100,StreamingTV,2,F1,24,21,6.47,12.0,1,C2,C
150,114,StreamingTV,2,F1,23,21,6.47,12.0,1,C2,C
151,115,StreamingTV,2,F1,30,21,6.47,12.0,1,C2,C
152,10,TechSupport,2,F1,24,730,12.9,12.0,1,B1,C
153,15,TechSupport,2,F1,22,730,12.9,12.0,1,B1,C
154,19,TechSupport,2,F1,23,730,12.9,12.0,1,B1,C
155,29,TechSupport,2,F1,30,730,12.9,12.0,1,B1,C
156,31,TechSupport,2,F1,27,730,12.9,12.0,1,B1,C
157,33,TechSupport,2,F1,30,730,12.9,12.0,1,B1,C
158,39,TechSupport,2,F1,24,730,12.9,12.0,1,B1,C
159,44,TechSupport,2,F1,24,730,12.9,12.0,1,B1,C
160,46,TechSupport,2,F1,30,730,12.9,12.0,1,B1,C
161,48,TechSupport,2,F1,30,730,12.9,12.0,1,B1,C
162,49,TechSupport,2,F1,24,730,12.9,12.0,1,B1,C
163,51,TechSupport,2,F1,18,730,12.9,12.0,1,B1,C
164,54,TechSupport,2,F1,22,730,12.9,12.0,1,B1,C
165,55,TechSupport,2,F1,24,730,12.9,12.0,1,B1,C
166,62,TechSupport,2,F1,24,730,12.9,12.0,1,B1,C
167,63,TechSupport,2,F1,29,730,12.9,12.0,1,B1,C
168,75,TechSupport,2,F1,24,730,12.9,12.0,1,B1,C
169,78,TechSupport,2,F1,27,730,12.9,12.0,1,B1,C
170,81,TechSupport,2,F1,27,730,12.9,12.0,1,B1,C
171,87,TechSupport,2,F1,30,730,12.9,12.0,1,B1,C
172,91,TechSupport,2,F1,24,730,12.9,12.0,1,B1,C
173,92,TechSupport,2,F1,15,730,12.9,12.0,1,B1,C
174,94,TechSupport,2,F1,28,730,12.9,12.0,1,B1,C
175,96,TechSupport,2,F1,29,730,12.9,12.0,1,B1,C
176,98,TechSupport,2,F1,24,730,12.9,12.0,1,B1,C
177,102,TechSupport,2,F1,30,730,12.9,12.0,1,B1,C
178,103,TechSupport,2,F1,24,730,12.9,12.0,1,B1,C
179,110,TechSupport,2,F1,25,730,12.9,12.0,1,B1,C
180,112,TechSupport,2,F1,24,730,12.9,12.0,1,B1,C
181,115,TechSupport,2,F1,30,730,12.9,12.0,1,B1,C
182,117,TechSupport,2,F1,17,730,12.9,12.0,1,B1,C
183,120,TechSupport,2,F1,19,730,12.9,12.0,1,B1,C
184,121,TechSupport,2,F1,14,730,12.9,12.0,1,B1,C
185,2,DeviceProtection,2,F1,22,1,8.33,17.0,5,B2,C
186,4,DeviceProtection,2,F1,24,1,8.33,17.0,5,B2,C
187,8,DeviceProtection,2,F1,23,1,8.33,17.0,5,B2,C
188,16,DeviceProtection,2,F1,22,1,8.33,17.0,5,B2,C
189,19,DeviceProtection,2,F1,27,1,8.33,17.0,5,B2,C
190,23,DeviceProtection,2,F1,30,1,8.33,17.0,5,B2,C
191,24,DeviceProtection,2,F1,20,1,8.33,17.0,5,B2,C
192,29,DeviceProtection,2,F1,27,1,8.33,17.0,5,B2,C
193,32,DeviceProtection,2,F1,17,1,8.33,17.0,5,B2,C
194,36,DeviceProtection,2,F1,18,1,8.33,17.0,5,B2,C
195,43,DeviceProtection,2,F1,12,1,8.33,17.0,5,B2,C
196,44,DeviceProtection,2,F1,24,1,8.33,17.0,5,B2,C
197,48,DeviceProtection,2,F1,27,1,8.33,17.0,5,B2,C
198,55,DeviceProtection,2,F1,24,1,8.33,17.0,5,B2,C
199,60,DeviceProtection,2,F1,27,1,8.33,17.0,5,B2,C
200,64,DeviceProtection,2,F1,18,1,8.33,17.0,5,B2,C
201,65,DeviceProtection,2,F1,24,1,8.33,17.0,5,B2,C
202,72,DeviceProtection,2,F1,23,1,8.33,17.0,5,B2,C
203,75,DeviceProtection,2,F1,24,1,8.33,17.0,5,B2,C
204,79,DeviceProtection,2,F1,30,1,8.33,17.0,5,B2,C
205,87,DeviceProtection,2,F1,30,1,8.33,17.0,5,B2,C
206,91,DeviceProtection,2,F1,25,1,8.33,17.0,5,B2,C
207,92,DeviceProtection,2,F1,24,1,8.33,17.0,5,B2,C
208,94,DeviceProtection,2,F1,30,1,8.33,17.0,5,B2,C
209,98,DeviceProtection,2,F1,15,1,8.33,17.0,5,B2,C
210,99,DeviceProtection,2,F1,17,1,8.33,17.0,5,B2,C
211,100,DeviceProtection,2,F1,24,1,8.33,17.0,5,B2,C
212,103,DeviceProtection,2,F1,24,1,8.33,17.0,5,B2,C
213,108,DeviceProtection,2,F1,24,1,8.33,17.0,5,B2,C
214,8,OnlineBackup,2,F1,24,78,25.0,13.0,4,B2,C
215,10,OnlineBackup,2,F1,14,78,25.0,13.0,4,B2,C
216,11,OnlineBackup,2,F1,30,78,25.0,13.0,4,B2,C
217,15,OnlineBackup,2,F1,21,78,25.0,13.0,4,B2,C
218,16,OnlineBackup,2,F1,23,78,25.0,13.0,4,B2,C
219,19,OnlineBackup,2,F1,24,78,25.0,13.0,4,B2,C
220,21,OnlineBackup,2,F1,23,78,25.0,13.0,4,B2,C
221,23,OnlineBackup,2,F1,25,78,25.0,13.0,4,B2,C
222,24,OnlineBackup,2,F1,23,78,25.0,13.0,4,B2,C
223,31,OnlineBackup,2,F1,28,78,25.0,13.0,4,B2,C
224,32,OnlineBackup,2,F1,29,78,25.0,13.0,4,B2,C
225,36,OnlineBackup,2,F1,20,78,25.0,13.0,4,B2,C
226,39,OnlineBackup,2,F1,22,78,25.0,13.0,4,B2,C
227,46,OnlineBackup,2,F1,29,78,25.0,13.0,4,B2,C
228,51,OnlineBackup,2,F1,16,78,25.0,13.0,4,B2,C
229,56,OnlineBackup,2,F1,30,78,25.0,13.0,4,B2,C
230,60,OnlineBackup,2,F1,10,78,25.0,13.0,4,B2,C
231,64,OnlineBackup,2,F1,25,78,25.0,13.0,4,B2,C
232,65,OnlineBackup,2,F1,24,78,25.0,13.0,4,B2,C
233,68,OnlineBackup,2,F1,25,78,25.0,13.0,4,B2,C
234,72,OnlineBackup,2,F1,27,78,25.0,13.0,4,B2,C
235,81,OnlineBackup,2,F1,12,78,25.0,13.0,4,B2,C
236,87,OnlineBackup,2,F1,30,78,25.0,13.0,4,B2,C
237,96,OnlineBackup,2,F1,25,78,25.0,13.0,4,B2,C
238,100,OnlineBackup,2,F1,24,78,25.0,13.0,4,B2,C
239,102,OnlineBackup,2,F1,28,78,25.0,13.0,4,B2,C
240,103,OnlineBackup,2,F1,24,78,25.0,13.0,4,B2,C
241,114,OnlineBackup,2,F1,19,78,25.0,13.0,4,B2,C
242,120,OnlineBackup,2,F1,25,78,25.0,13.0,4,B2,C
243,121,OnlineBackup,2,F1,25,78,25.0,13.0,4,B2,C
244,4,OnlineSecurity,2,F1,24,58,25.0,15.0,4,B1,C
245,8,OnlineSecurity,2,F1,24,58,25.0,15.0,4,B1,C
246,19,OnlineSecurity,2,F1,22,58,25.0,15.0,4,B1,C
247,21,OnlineSecurity,2,F1,19,58,25.0,15.0,4,B1,C
248,24,OnlineSecurity,2,F1,23,58,25.0,15.0,4,B1,C
249,31,OnlineSecurity,2,F1,28,58,25.0,15.0,4,B1,C
250,36,OnlineSecurity,2,F1,17,58,25.0,15.0,4,B1,C
251,48,OnlineSecurity,2,F1,28,58,25.0,15.0,4,B1,C
252,49,OnlineSecurity,2,F1,24,58,25.0,15.0,4,B1,C
253,54,OnlineSecurity,2,F1,28,58,25.0,15.0,4,B1,C
254,56,OnlineSecurity,2,F1,30,58,25.0,15.0,4,B1,C
255,59,OnlineSecurity,2,F1,18,58,25.0,15.0,4,B1,C
256,62,OnlineSecurity,2,F1,23,58,25.0,15.0,4,B1,C
257,63,OnlineSecurity,2,F1,24,58,25.0,15.0,4,B1,C
258,64,OnlineSecurity,2,F1,24,58,25.0,15.0,4,B1,C
259,72,OnlineSecurity,2,F1,27,58,25.0,15.0,4,B1,C
260,75,OnlineSecurity,2,F1,23,58,25.0,15.0,4,B1,C
261,79,OnlineSecurity,2,F1,30,58,25.0,15.0,4,B1,C
262,92,OnlineSecurity,2,F1,22,58,25.0,15.0,4,B1,C
263,96,OnlineSecurity,2,F1,24,58,25.0,15.0,4,B1,C
264,99,OnlineSecurity,2,F1,20,58,25.0,15.0,4,B1,C
265,100,OnlineSecurity,2,F1,24,58,25.0,15.0,4,B1,C
266,102,OnlineSecurity,2,F1,30,58,25.0,15.0,4,B1,C
267,108,OnlineSecurity,2,F1,25,58,25.0,15.0,4,B1,C
268,110,OnlineSecurity,2,F1,21,58,25.0,15.0,4,B1,C
269,112,OnlineSecurity,2,F1,28,58,25.0,15.0,4,B1,C
270,115,OnlineSecurity,2,F1,30,58,25.0,15.0,4,B1,C
271,117,OnlineSecurity,2,F1,16,58,25.0,15.0,4,B1,C
272,2,InternetService,2,F1,23,1322,12.33,16.0,1,B1,C
273,8,InternetService,2,F1,24,1322,12.33,16.0,1,B1,C
274,10,InternetService,2,F1,12,1322,12.33,16.0,1,B1,C
275,16,InternetService,2,F1,23,1322,12.33,16.0,1,B1,C
276,17,InternetService,2,F1,24,1322,12.33,16.0,1,B1,C
277,23,InternetService,2,F1,30,1322,12.33,16.0,1,B1,C
278,29,InternetService,2,F1,30,1322,12.33,16.0,1,B1,C
279,32,InternetService,2,F1,26,1322,12.33,16.0,1,B1,C
280,36,InternetService,2,F1,14,1322,12.33,16.0,1,B1,C
281,43,InternetService,2,F1,27,1322,12.33,16.0,1,B1,C
282,49,InternetService,2,F1,24,1322,12.33,16.0,1,B1,C
283,50,InternetService,2,F1,24,1322,12.33,16.0,1,B1,C
284,51,InternetService,2,F1,18,1322,12.33,16.0,1,B1,C
285,54,InternetService,2,F1,30,1322,12.33,16.0,1,B1,C
286,55,InternetService,2,F1,26,1322,12.33,16.0,1,B1,C
287,56,InternetService,2,F1,30,1322,12.33,16.0,1,B1,C
288,59,InternetService,2,F1,15,1322,12.33,16.0,1,B1,C
289,62,InternetService,2,F1,16,1322,12.33,16.0,1,B1,C
290,63,InternetService,2,F1,17,1322,12.33,16.0,1,B1,C
291,65,InternetService,2,F1,24,1322,12.33,16.0,1,B1,C
292,75,InternetService,2,F1,25,1322,12.33,16.0,1,B1,C
293,79,InternetService,2,F1,30,1322,12.33,16.0,1,B1,C
294,81,InternetService,2,F1,30,1322,12.33,16.0,1,B1,C
295,87,InternetService,2,F1,30,1322,12.33,16.0,1,B1,C
296,91,InternetService,2,F1,26,1322,12.33,16.0,1,B1,C
297,92,InternetService,2,F1,30,1322,12.33,16.0,1,B1,C
298,98,InternetService,2,F1,24,1322,12.33,16.0,1,B1,C
299,99,InternetService,2,F1,27,1322,12.33,16.0,1,B1,C
300,108,InternetService,2,F1,25,1322,12.33,16.0,1,B1,C
301,110,InternetService,2,F1,23,1322,12.33,16.0,1,B1,C
302,115,InternetService,2,F1,27,1322,12.33,16.0,1,B1,C
303,120,InternetService,2,F1,18,1322,12.33,16.0,1,B1,C
304,2,MultipleLines,2,F1,17,138,7.79,14.0,2,C1,C
305,19,MultipleLines,2,F1,25,138,7.79,14.0,2,C1,C
306,21,MultipleLines,2,F1,7,138,7.79,14.0,2,C1,C
307,29,MultipleLines,2,F1,28,138,7.79,14.0,2,C1,C
308,31,MultipleLines,2,F1,28,138,7.79,14.0,2,C1,C
309,36,MultipleLines,2,F1,20,138,7.79,14.0,2,C1,C
310,39,MultipleLines,2,F1,16,138,7.79,14.0,2,C1,C
311,43,MultipleLines,2,F1,28,138,7.79,14.0,2,C1,C
312,44,MultipleLines,2,F1,24,138,7.79,14.0,2,C1,C
313,46,MultipleLines,2,F1,30,138,7.79,14.0,2,C1,C
314,50,MultipleLines,2,F1,12,138,7.79,14.0,2,C1,C
315,51,MultipleLines,2,F1,15,138,7.79,14.0,2,C1,C
316,54,MultipleLines,2,F1,24,138,7.79,14.0,2,C1,C
317,60,MultipleLines,2,F1,27,138,7.79,14.0,2,C1,C
318,62,MultipleLines,2,F1,17,138,7.79,14.0,2,C1,C
319,64,MultipleLines,2,F1,29,138,7.79,14.0,2,C1,C
320,65,MultipleLines,2,F1,24,138,7.79,14.0,2,C1,C
321,68,MultipleLines,2,F1,25,138,7.79,14.0,2,C1,C
322,71,MultipleLines,2,F1,25,138,7.79,14.0,2,C1,C
323,78,MultipleLines,2,F1,30,138,7.79,14.0,2,C1,C
324,92,MultipleLines,2,F1,26,138,7.79,14.0,2,C1,C
325,99,MultipleLines,2,F1,12,138,7.79,14.0,2,C1,C
326,102,MultipleLines,2,F1,29,138,7.79,14.0,2,C1,C
327,103,MultipleLines,2,F1,24,138,7.79,14.0,2,C1,C
328,108,MultipleLines,2,F1,26,138,7.79,14.0,2,C1,C
329,110,MultipleLines,2,F1,23,138,7.79,14.0,2,C1,C
330,112,MultipleLines,2,F1,10,138,7.79,14.0,2,C1,C
331,115,MultipleLines,2,F1,30,138,7.79,14.0,2,C1,C
332,117,MultipleLines,2,F1,27,138,7.79,14.0,2,C1,C
333,121,MultipleLines,2,F1,7,138,7.79,14.0,2,C1,C
334,4,PhoneService,2,F1,20,964,8.0,13.0,4,B1,C
335,10,PhoneService,2,F1,14,964,8.0,13.0,4,B1,C
336,19,PhoneService,2,F1,25,964,8.0,13.0,4,B1,C
337,33,PhoneService,2,F1,30,964,8.0,13.0,4,B1,C
338,39,PhoneService,2,F1,24,964,8.0,13.0,4,B1,C
339,49,PhoneService,2,F1,27,964,8.0,13.0,4,B1,C
340,50,PhoneService,2,F1,10,964,8.0,13.0,4,B1,C
341,54,PhoneService,2,F1,27,964,8.0,13.0,4,B1,C
342,55,PhoneService,2,F1,24,964,8.0,13.0,4,B1,C
343,60,PhoneService,2,F1,28,964,8.0,13.0,4,B1,C
344,63,PhoneService,2,F1,10,964,8.0,13.0,4,B1,C
345,65,PhoneService,2,F1,24,964,8.0,13.0,4,B1,C
346,68,PhoneService,2,F1,26,964,8.0,13.0,4,B1,C
347,71,PhoneService,2,F1,14,964,8.0,13.0,4,B1,C
348,75,PhoneService,2,F1,25,964,8.0,13.0,4,B1,C
349,81,PhoneService,2,F1,27,964,8.0,13.0,4,B1,C
350,91,PhoneService,2,F1,30,964,8.0,13.0,4,B1,C
351,94,PhoneService,2,F1,26,964,8.0,13.0,4,B1,C
352,98,PhoneService,2,F1,24,964,8.0,13.0,4,B1,C
353,102,PhoneService,2,F1,30,964,8.0,13.0,4,B1,C
354,103,PhoneService,2,F1,16,964,8.0,13.0,4,B1,C
355,108,PhoneService,2,F1,24,964,8.0,13.0,4,B1,C
356,110,PhoneService,2,F1,20,964,8.0,13.0,4,B1,C
357,112,PhoneService,2,F1,26,964,8.0,13.0,4,B1,C
358,114,PhoneService,2,F1,17,964,8.0,13.0,4,B1,C
359,117,PhoneService,2,F1,30,964,8.0,13.0,4,B1,C
360,120,PhoneService,2,F1,22,964,8.0,13.0,4,B1,C
361,2,Dependents,2,F1,18,1361,9.32,10.0,7,B2,C
362,4,Dependents,2,F1,23,1361,9.32,10.0,7,B2,C
363,8,Dependents,2,F1,23,1361,9.32,10.0,7,B2,C
364,15,Dependents,2,F1,19,1361,9.32,10.0,7,B2,C
365,16,Dependents,2,F1,14,1361,9.32,10.0,7,B2,C
366,17,Dependents,2,F1,17,1361,9.32,10.0,7,B2,C
367,21,Dependents,2,F1,22,1361,9.32,10.0,7,B2,C
368,23,Dependents,2,F1,22,1361,9.32,10.0,7,B2,C
369,24,Dependents,2,F1,21,1361,9.32,10.0,7,B2,C
370,29,Dependents,2,F1,26,1361,9.32,10.0,7,B2,C
371,32,Dependents,2,F1,13,1361,9.32,10.0,7,B2,C
372,33,Dependents,2,F1,29,1361,9.32,10.0,7,B2,C
373,39,Dependents,2,F1,17,1361,9.32,10.0,7,B2,C
374,43,Dependents,2,F1,30,1361,9.32,10.0,7,B2,C
375,44,Dependents,2,F1,18,1361,9.32,10.0,7,B2,C
376,46,Dependents,2,F1,30,1361,9.32,10.0,7,B2,C
377,48,Dependents,2,F1,23,1361,9.32,10.0,7,B2,C
378,49,Dependents,2,F1,25,1361,9.32,10.0,7,B2,C
379,50,Dependents,2,F1,24,1361,9.32,10.0,7,B2,C
380,54,Dependents,2,F1,29,1361,9.32,10.0,7,B2,C
381,56,Dependents,2,F1,29,1361,9.32,10.0,7,B2,C
382,59,Dependents,2,F1,20,1361,9.32,10.0,7,B2,C
383,60,Dependents,2,F1,25,1361,9.32,10.0,7,B2,C
384,62,Dependents,2,F1,17,1361,9.32,10.0,7,B2,C
385,64,Dependents,2,F1,27,1361,9.32,10.0,7,B2,C
386,68,Dependents,2,F1,25,1361,9.32,10.0,7,B2,C
387,71,Dependents,2,F1,24,1361,9.32,10.0,7,B2,C
388,72,Dependents,2,F1,27,1361,9.32,10.0,7,B2,C
389,78,Dependents,2,F1,29,1361,9.32,10.0,7,B2,C
390,91,Dependents,2,F1,27,1361,9.32,10.0,7,B2,C
391,94,Dependents,2,F1,24,1361,9.32,10.0,7,B2,C
392,96,Dependents,2,F1,30,1361,9.32,10.0,7,B2,C
393,102,Dependents,2,F1,30,1361,9.32,10.0,7,B2,C
394,108,Dependents,2,F1,24,1361,9.32,10.0,7,B2,C
395,115,Dependents,2,F1,28,1361,9.32,10.0,7,B2,C
396,117,Dependents,2,F1,25,1361,9.32,10.0,7,B2,C
397,121,Dependents,2,F1,22,1361,9.32,10.0,7,B2,C
398,2,Partner,2,F1,22,56916,5.85,7.0,5,B1,C
399,4,Partner,2,F1,24,56916,5.85,7.0,5,B1,C
400,10,Partner,2,F1,20,56916,5.85,7.0,5,B1,C
401,11,Partner,2,F1,30,56916,5.85,7.0,5,B1,C
402,15,Partner,2,F1,22,56916,5.85,7.0,5,B1,C
403,16,Partner,2,F1,24,56916,5.85,7.0,5,B1,C
404,17,Partner,2,F1,12,56916,5.85,7.0,5,B1,C
405,23,Partner,2,F1,29,56916,5.85,7.0,5,B1,C
406,24,Partner,2,F1,19,56916,5.85,7.0,5,B1,C
407,31,Partner,2,F1,28,56916,5.85,7.0,5,B1,C
408,32,Partner,2,F1,16,56916,5.85,7.0,5,B1,C
409,33,Partner,2,F1,30,56916,5.85,7.0,5,B1,C
410,36,Partner,2,F1,18,56916,5.85,7.0,5,B1,C
411,39,Partner,2,F1,16,56916,5.85,7.0,5,B1,C
412,43,Partner,2,F1,24,56916,5.85,7.0,5,B1,C
413,46,Partner,2,F1,30,56916,5.85,7.0,5,B1,C
414,55,Partner,2,F1,19,56916,5.85,7.0,5,B1,C
415,56,Partner,2,F1,30,56916,5.85,7.0,5,B1,C
416,59,Partner,2,F1,23,56916,5.85,7.0,5,B1,C
417,62,Partner,2,F1,16,56916,5.85,7.0,5,B1,C
418,64,Partner,2,F1,28,56916,5.85,7.0,5,B1,C
419,68,Partner,2,F1,25,56916,5.85,7.0,5,B1,C
420,75,Partner,2,F1,18,56916,5.85,7.0,5,B1,C
421,78,Partner,2,F1,21,56916,5.85,7.0,5,B1,C
422,79,Partner,2,F1,30,56916,5.85,7.0,5,B1,C
423,96,Partner,2,F1,30,56916,5.85,7.0,5,B1,C
424,98,Partner,2,F1,18,56916,5.85,7.0,5,B1,C
425,99,Partner,2,F1,29,56916,5.85,7.0,5,B1,C
426,100,Partner,2,F1,14,56916,5.85,7.0,5,B1,C
427,102,Partner,2,F1,25,56916,5.85,7.0,5,B1,C
428,103,Partner,2,F1,24,56916,5.85,7.0,5,B1,C
429,112,Partner,2,F1,12,56916,5.85,7.0,5,B1,C
430,115,Partner,2,F1,30,56916,5.85,7.0,5,B1,C
431,120,Partner,2,F1,26,56916,5.85,7.0,5,B1,C
432,2,SeniorCitizen,2,F1,19,777,8.26,14.0,1,B2,C
433,4,SeniorCitizen,2,F1,24,777,8.26,14.0,1,B2,C
434,11,SeniorCitizen,2,F1,30,777,8.26,14.0,1,B2,C
435,19,SeniorCitizen,2,F1,26,777,8.26,14.0,1,B2,C
436,21,SeniorCitizen,2,F1,24,777,8.26,14.0,1,B2,C
437,23,SeniorCitizen,2,F1,28,777,8.26,14.0,1,B2,C
438,29,SeniorCitizen,2,F1,19,777,8.26,14.0,1,B2,C
439,32,SeniorCitizen,2,F1,10,777,8.26,14.0,1,B2,C
440,43,SeniorCitizen,2,F1,28,777,8.26,14.0,1,B2,C
441,44,SeniorCitizen,2,F1,16,777,8.26,14.0,1,B2,C
442,46,SeniorCitizen,2,F1,30,777,8.26,14.0,1,B2,C
443,48,SeniorCitizen,2,F1,30,777,8.26,14.0,1,B2,C
444,51,SeniorCitizen,2,F1,16,777,8.26,14.0,1,B2,C
445,59,SeniorCitizen,2,F1,11,777,8.26,14.0,1,B2,C
446,60,SeniorCitizen,2,F1,26,777,8.26,14.0,1,B2,C
447,63,SeniorCitizen,2,F1,28,777,8.26,14.0,1,B2,C
448,72,SeniorCitizen,2,F1,24,777,8.26,14.0,1,B2,C
449,75,SeniorCitizen,2,F1,19,777,8.26,14.0,1,B2,C
450,78,SeniorCitizen,2,F1,29,777,8.26,14.0,1,B2,C
451,79,SeniorCitizen,2,F1,30,777,8.26,14.0,1,B2,C
452,81,SeniorCitizen,2,F1,26,777,8.26,14.0,1,B2,C
453,87,SeniorCitizen,2,F1,23,777,8.26,14.0,1,B2,C
454,91,SeniorCitizen,2,F1,29,777,8.26,14.0,1,B2,C
455,92,SeniorCitizen,2,F1,25,777,8.26,14.0,1,B2,C
456,98,SeniorCitizen,2,F1,16,777,8.26,14.0,1,B2,C
457,99,SeniorCitizen,2,F1,27,777,8.26,14.0,1,B2,C
458,100,SeniorCitizen,2,F1,24,777,8.26,14.0,1,B2,C
459,102,SeniorCitizen,2,F1,14,777,8.26,14.0,1,B2,C
460,108,SeniorCitizen,2,F1,24,777,8.26,14.0,1,B2,C
461,110,SeniorCitizen,2,F1,23,777,8.26,14.0,1,B2,C
462,114,SeniorCitizen,2,F1,19,777,8.26,14.0,1,B2,C
463,115,SeniorCitizen,2,F1,27,777,8.26,14.0,1,B2,C
464,117,SeniorCitizen,2,F1,10,777,8.26,14.0,1,B2,C
465,120,SeniorCitizen,2,F1,12,777,8.26,14.0,1,B2,C
466,2,gender,2,F1,20,45914,7.0,6.0,2,B2,C
467,4,gender,2,F1,24,45914,7.0,6.0,2,B2,C
468,10,gender,2,F1,6,45914,7.0,6.0,2,B2,C
469,16,gender,2,F1,22,45914,7.0,6.0,2,B2,C
470,17,gender,2,F1,24,45914,7.0,6.0,2,B2,C
471,21,gender,2,F1,29,45914,7.0,6.0,2,B2,C
472,24,gender,2,F1,23,45914,7.0,6.0,2,B2,C
473,32,gender,2,F1,25,45914,7.0,6.0,2,B2,C
474,39,gender,2,F1,15,45914,7.0,6.0,2,B2,C
475,43,gender,2,F1,29,45914,7.0,6.0,2,B2,C
476,46,gender,2,F1,30,45914,7.0,6.0,2,B2,C
477,48,gender,2,F1,21,45914,7.0,6.0,2,B2,C
478,49,gender,2,F1,25,45914,7.0,6.0,2,B2,C
479,50,gender,2,F1,26,45914,7.0,6.0,2,B2,C
480,55,gender,2,F1,22,45914,7.0,6.0,2,B2,C
481,56,gender,2,F1,29,45914,7.0,6.0,2,B2,C
482,62,gender,2,F1,23,45914,7.0,6.0,2,B2,C
483,91,gender,2,F1,30,45914,7.0,6.0,2,B2,C
484,92,gender,2,F1,30,45914,7.0,6.0,2,B2,C
485,94,gender,2,F1,24,45914,7.0,6.0,2,B2,C
486,100,gender,2,F1,24,45914,7.0,6.0,2,B2,C
487,108,gender,2,F1,25,45914,7.0,6.0,2,B2,C
488,112,gender,2,F1,26,45914,7.0,6.0,2,B2,C
489,114,gender,2,F1,22,45914,7.0,6.0,2,B2,C
490,2,TotalCharges,2,F1,17,31,7.5,13.0,7,B1,N
491,8,TotalCharges,2,F1,18,31,7.5,13.0,7,B1,N
492,10,TotalCharges,2,F1,25,31,7.5,13.0,7,B1,N
493,11,TotalCharges,2,F1,25,31,7.5,13.0,7,B1,N
494,17,TotalCharges,2,F1,19,31,7.5,13.0,7,B1,N
495,23,TotalCharges,2,F1,17,31,7.5,13.0,7,B1,N
496,29,TotalCharges,2,F1,25,31,7.5,13.0,7,B1,N
497,31,TotalCharges,2,F1,23,31,7.5,13.0,7,B1,N
498,32,TotalCharges,2,F1,22,31,7.5,13.0,7,B1,N
499,33,TotalCharges,2,F1,15,31,7.5,13.0,7,B1,N
500,39,TotalCharges,2,F1,20,31,7.5,13.0,7,B1,N
501,44,TotalCharges,2,F1,20,31,7.5,13.0,7,B1,N
502,48,TotalCharges,2,F1,22,31,7.5,13.0,7,B1,N
503,49,TotalCharges,2,F1,18,31,7.5,13.0,7,B1,N
504,59,TotalCharges,2,F1,18,31,7.5,13.0,7,B1,N
505,60,TotalCharges,2,F1,21,31,7.5,13.0,7,B1,N
506,63,TotalCharges,2,F1,23,31,7.5,13.0,7,B1,N
507,65,TotalCharges,2,F1,17,31,7.5,13.0,7,B1,N
508,71,TotalCharges,2,F1,20,31,7.5,13.0,7,B1,N
509,72,TotalCharges,2,F1,24,31,7.5,13.0,7,B1,N
510,78,TotalCharges,2,F1,24,31,7.5,13.0,7,B1,N
511,79,TotalCharges,2,F1,25,31,7.5,13.0,7,B1,N
512,87,TotalCharges,2,F1,21,31,7.5,13.0,7,B1,N
513,92,TotalCharges,2,F1,25,31,7.5,13.0,7,B1,N
514,94,TotalCharges,2,F1,21,31,7.5,13.0,7,B1,N
515,98,TotalCharges,2,F1,20,31,7.5,13.0,7,B1,N
516,99,TotalCharges,2,F1,13,31,7.5,13.0,7,B1,N
517,100,TotalCharges,2,F1,20,31,7.5,13.0,7,B1,N
518,108,TotalCharges,2,F1,22,31,7.5,13.0,7,B1,N
519,110,TotalCharges,2,F1,18,31,7.5,13.0,7,B1,N
520,112,TotalCharges,2,F1,25,31,7.5,13.0,7,B1,N
521,114,TotalCharges,2,F1,18,31,7.5,13.0,7,B1,N
522,120,TotalCharges,2,F1,12,31,7.5,13.0,7,B1,N
523,121,TotalCharges,2,F1,24,31,7.5,13.0,7,B1,N
524,4,MonthlyCharges,2,F1,20,41,7.95,15.0,3,B1,N
525,8,MonthlyCharges,2,F1,20,41,7.95,15.0,3,B1,N
526,10,MonthlyCharges,2,F1,12,41,7.95,15.0,3,B1,N
527,15,MonthlyCharges,2,F1,17,41,7.95,15.0,3,B1,N
528,16,MonthlyCharges,2,F1,19,41,7.95,15.0,3,B1,N
529,17,MonthlyCharges,2,F1,20,41,7.95,15.0,3,B1,N
530,23,MonthlyCharges,2,F1,21,41,7.95,15.0,3,B1,N
531,29,MonthlyCharges,2,F1,25,41,7.95,15.0,3,B1,N
532,43,MonthlyCharges,2,F1,18,41,7.95,15.0,3,B1,N
533,44,MonthlyCharges,2,F1,21,41,7.95,15.0,3,B1,N
534,50,MonthlyCharges,2,F1,25,41,7.95,15.0,3,B1,N
535,51,MonthlyCharges,2,F1,18,41,7.95,15.0,3,B1,N
536,59,MonthlyCharges,2,F1,20,41,7.95,15.0,3,B1,N
537,63,MonthlyCharges,2,F1,25,41,7.95,15.0,3,B1,N
538,65,MonthlyCharges,2,F1,19,41,7.95,15.0,3,B1,N
539,68,MonthlyCharges,2,F1,23,41,7.95,15.0,3,B1,N
540,71,MonthlyCharges,2,F1,24,41,7.95,15.0,3,B1,N
541,72,MonthlyCharges,2,F1,20,41,7.95,15.0,3,B1,N
542,75,MonthlyCharges,2,F1,18,41,7.95,15.0,3,B1,N
543,78,MonthlyCharges,2,F1,25,41,7.95,15.0,3,B1,N
544,79,MonthlyCharges,2,F1,25,41,7.95,15.0,3,B1,N
545,81,MonthlyCharges,2,F1,25,41,7.95,15.0,3,B1,N
546,87,MonthlyCharges,2,F1,25,41,7.95,15.0,3,B1,N
547,91,MonthlyCharges,2,F1,25,41,7.95,15.0,3,B1,N
548,94,MonthlyCharges,2,F1,22,41,7.95,15.0,3,B1,N
549,96,MonthlyCharges,2,F1,24,41,7.95,15.0,3,B1,N
550,100,MonthlyCharges,2,F1,20,41,7.95,15.0,3,B1,N
551,108,MonthlyCharges,2,F1,21,41,7.95,15.0,3,B1,N
552,110,MonthlyCharges,2,F1,21,41,7.95,15.0,3,B1,N
553,117,MonthlyCharges,2,F1,23,41,7.95,15.0,3,B1,N
554,120,MonthlyCharges,2,F1,21,41,7.95,15.0,3,B1,N
555,121,MonthlyCharges,2,F1,22,41,7.95,15.0,3,B1,N
556,8,tenure,2,F1,20,10558,15.79,6.0,3,C2,N
557,11,tenure,2,F1,25,10558,15.79,6.0,3,C2,N
558,15,tenure,2,F1,18,10558,15.79,6.0,3,C2,N
559,16,tenure,2,F1,12,10558,15.79,6.0,3,C2,N
560,17,tenure,2,F1,20,10558,15.79,6.0,3,C2,N
561,19,tenure,2,F1,21,10558,15.79,6.0,3,C2,N
562,21,tenure,2,F1,10,10558,15.79,6.0,3,C2,N
563,24,tenure,2,F1,16,10558,15.79,6.0,3,C2,N
564,29,tenure,2,F1,18,10558,15.79,6.0,3,C2,N
565,31,tenure,2,F1,24,10558,15.79,6.0,3,C2,N
566,33,tenure,2,F1,15,10558,15.79,6.0,3,C2,N
567,36,tenure,2,F1,16,10558,15.79,6.0,3,C2,N
568,48,tenure,2,F1,24,10558,15.79,6.0,3,C2,N
569,50,tenure,2,F1,23,10558,15.79,6.0,3,C2,N
570,51,tenure,2,F1,16,10558,15.79,6.0,3,C2,N
571,54,tenure,2,F1,18,10558,15.79,6.0,3,C2,N
572,55,tenure,2,F1,11,10558,15.79,6.0,3,C2,N
573,59,tenure,2,F1,19,10558,15.79,6.0,3,C2,N
574,62,tenure,2,F1,14,10558,15.79,6.0,3,C2,N
575,65,tenure,2,F1,20,10558,15.79,6.0,3,C2,N
576,68,tenure,2,F1,23,10558,15.79,6.0,3,C2,N
577,71,tenure,2,F1,25,10558,15.79,6.0,3,C2,N
578,79,tenure,2,F1,25,10558,15.79,6.0,3,C2,N
579,81,tenure,2,F1,21,10558,15.79,6.0,3,C2,N
580,91,tenure,2,F1,25,10558,15.79,6.0,3,C2,N
581,94,tenure,2,F1,20,10558,15.79,6.0,3,C2,N
582,96,tenure,2,F1,23,10558,15.79,6.0,3,C2,N
583,103,tenure,2,F1,17,10558,15.79,6.0,3,C2,N
584,112,tenure,2,F1,9,10558,15.79,6.0,3,C2,N
585,114,tenure,2,F1,11,10558,15.79,6.0,3,C2,N
586,115,tenure,2,F1,14,10558,15.79,6.0,3,C2,N
587,117,tenure,2,F1,8,10558,15.79,6.0,3,C2,N
588,121,tenure,2,F1,13,10558,15.79,6.0,3,C2,N
589,3,tartar,1,F1,20,754,9.94,6.0,2,C2,C
590,5,tartar,1,F1,30,754,9.94,6.0,2,C2,C
591,6,tartar,1,F1,30,754,9.94,6.0,2,C2,C
592,7,tartar,1,F1,27,754,9.94,6.0,2,C2,C
593,9,tartar,1,F1,24,754,9.94,6.0,2,C2,C
594,12,tartar,1,F1,12,754,9.94,6.0,2,C2,C
595,13,tartar,1,F1,24,754,9.94,6.0,2,C2,C
596,14,tartar,1,F1,28,754,9.94,6.0,2,C2,C
597,18,tartar,1,F1,27,754,9.94,6.0,2,C2,C
598,20,tartar,1,F1,6,754,9.94,6.0,2,C2,C
599,34,tartar,1,F1,10,754,9.94,6.0,2,C2,C
600,37,tartar,1,F1,24,754,9.94,6.0,2,C2,C
601,38,tartar,1,F1,22,754,9.94,6.0,2,C2,C
602,40,tartar,1,F1,15,754,9.94,6.0,2,C2,C
603,42,tartar,1,F1,24,754,9.94,6.0,2,C2,C
604,45,tartar,1,F1,14,754,9.94,6.0,2,C2,C
605,53,tartar,1,F1,9,754,9.94,6.0,2,C2,C
606,57,tartar,1,F1,23,754,9.94,6.0,2,C2,C
607,66,tartar,1,F1,30,754,9.94,6.0,2,C2,C
608,73,tartar,1,F1,29,754,9.94,6.0,2,C2,C
609,74,tartar,1,F1,13,754,9.94,6.0,2,C2,C
610,76,tartar,1,F1,20,754,9.94,6.0,2,C2,C
611,80,tartar,1,F1,24,754,9.94,6.0,2,C2,C
612,86,tartar,1,F1,25,754,9.94,6.0,2,C2,C
613,89,tartar,1,F1,30,754,9.94,6.0,2,C2,C
614,90,tartar,1,F1,26,754,9.94,6.0,2,C2,C
615,101,tartar,1,F1,17,754,9.94,6.0,2,C2,C
616,107,tartar,1,F1,17,754,9.94,6.0,2,C2,C
617,111,tartar,1,F1,24,754,9.94,6.0,2,C2,C
618,116,tartar,1,F1,23,754,9.94,6.0,2,C2,C
619,119,tartar,1,F1,16,754,9.94,6.0,2,C2,C
620,6,dental caries,1,F1,30,64,25.0,13.0,1,C2,C
621,7,dental caries,1,F1,22,64,25.0,13.0,1,C2,C
622,9,dental caries,1,F1,18,64,25.0,13.0,1,C2,C
623,14,dental caries,1,F1,15,64,25.0,13.0,1,C2,C
624,18,dental caries,1,F1,29,64,25.0,13.0,1,C2,C
625,25,dental caries,1,F1,27,64,25.0,13.0,1,C2,C
626,26,dental caries,1,F1,19,64,25.0,13.0,1,C2,C
627,28,dental caries,1,F1,8,64,25.0,13.0,1,C2,C
628,34,dental caries,1,F1,18,64,25.0,13.0,1,C2,C
629,35,dental caries,1,F1,13,64,25.0,13.0,1,C2,C
630,37,dental caries,1,F1,24,64,25.0,13.0,1,C2,C
631,38,dental caries,1,F1,24,64,25.0,13.0,1,C2,C
632,40,dental caries,1,F1,16,64,25.0,13.0,1,C2,C
633,41,dental caries,1,F1,16,64,25.0,13.0,1,C2,C
634,45,dental caries,1,F1,14,64,25.0,13.0,1,C2,C
635,47,dental caries,1,F1,15,64,25.0,13.0,1,C2,C
636,61,dental caries,1,F1,13,64,25.0,13.0,1,C2,C
637,66,dental caries,1,F1,24,64,25.0,13.0,1,C2,C
638,70,dental caries,1,F1,19,64,25.0,13.0,1,C2,C
639,73,dental caries,1,F1,23,64,25.0,13.0,1,C2,C
640,74,dental caries,1,F1,27,64,25.0,13.0,1,C2,C
641,77,dental caries,1,F1,16,64,25.0,13.0,1,C2,C
642,80,dental caries,1,F1,24,64,25.0,13.0,1,C2,C
643,84,dental caries,1,F1,16,64,25.0,13.0,1,C2,C
644,88,dental caries,1,F1,30,64,25.0,13.0,1,C2,C
645,93,dental caries,1,F1,24,64,25.0,13.0,1,C2,C
646,95,dental caries,1,F1,28,64,25.0,13.0,1,C2,C
647,101,dental caries,1,F1,11,64,25.0,13.0,1,C2,C
648,104,dental caries,1,F1,26,64,25.0,13.0,1,C2,C
649,105,dental caries,1,F1,27,64,25.0,13.0,1,C2,C
650,107,dental caries,1,F1,24,64,25.0,13.0,1,C2,C
651,109,dental caries,1,F1,22,64,25.0,13.0,1,C2,C
652,116,dental caries,1,F1,24,64,25.0,13.0,1,C2,C
653,118,dental caries,1,F1,13,64,25.0,13.0,1,C2,C
654,119,dental caries,1,F1,19,64,25.0,13.0,1,C2,C
655,7,gender,1,F1,30,45914,7.0,6.0,2,B2,C
656,13,gender,1,F1,24,45914,7.0,6.0,2,B2,C
657,18,gender,1,F1,30,45914,7.0,6.0,2,B2,C
658,20,gender,1,F1,30,45914,7.0,6.0,2,B2,C
659,22,gender,1,F1,24,45914,7.0,6.0,2,B2,C
660,25,gender,1,F1,23,45914,7.0,6.0,2,B2,C
661,28,gender,1,F1,26,45914,7.0,6.0,2,B2,C
662,41,gender,1,F1,26,45914,7.0,6.0,2,B2,C
663,45,gender,1,F1,16,45914,7.0,6.0,2,B2,C
664,47,gender,1,F1,27,45914,7.0,6.0,2,B2,C
665,52,gender,1,F1,26,45914,7.0,6.0,2,B2,C
666,58,gender,1,F1,30,45914,7.0,6.0,2,B2,C
667,69,gender,1,F1,30,45914,7.0,6.0,2,B2,C
668,70,gender,1,F1,25,45914,7.0,6.0,2,B2,C
669,73,gender,1,F1,30,45914,7.0,6.0,2,B2,C
670,74,gender,1,F1,19,45914,7.0,6.0,2,B2,C
671,80,gender,1,F1,24,45914,7.0,6.0,2,B2,C
672,85,gender,1,F1,24,45914,7.0,6.0,2,B2,C
673,86,gender,1,F1,30,45914,7.0,6.0,2,B2,C
674,89,gender,1,F1,26,45914,7.0,6.0,2,B2,C
675,90,gender,1,F1,25,45914,7.0,6.0,2,B2,C
676,97,gender,1,F1,29,45914,7.0,6.0,2,B2,C
677,104,gender,1,F1,26,45914,7.0,6.0,2,B2,C
678,106,gender,1,F1,27,45914,7.0,6.0,2,B2,C
679,109,gender,1,F1,29,45914,7.0,6.0,2,B2,C
680,118,gender,1,F1,30,45914,7.0,6.0,2,B2,C
681,3,Gtp,1,F1,16,117,25.0,3.0,1,C2,N
682,6,Gtp,1,F1,25,117,25.0,3.0,1,C2,N
683,7,Gtp,1,F1,9,117,25.0,3.0,1,C2,N
684,9,Gtp,1,F1,20,117,25.0,3.0,1,C2,N
685,12,Gtp,1,F1,5,117,25.0,3.0,1,C2,N
686,18,Gtp,1,F1,13,117,25.0,3.0,1,C2,N
687,22,Gtp,1,F1,5,117,25.0,3.0,1,C2,N
688,25,Gtp,1,F1,15,117,25.0,3.0,1,C2,N
689,26,Gtp,1,F1,20,117,25.0,3.0,1,C2,N
690,28,Gtp,1,F1,7,117,25.0,3.0,1,C2,N
691,30,Gtp,1,F1,10,117,25.0,3.0,1,C2,N
692,37,Gtp,1,F1,20,117,25.0,3.0,1,C2,N
693,38,Gtp,1,F1,8,117,25.0,3.0,1,C2,N
694,40,Gtp,1,F1,13,117,25.0,3.0,1,C2,N
695,42,Gtp,1,F1,14,117,25.0,3.0,1,C2,N
696,45,Gtp,1,F1,14,117,25.0,3.0,1,C2,N
697,52,Gtp,1,F1,11,117,25.0,3.0,1,C2,N
698,53,Gtp,1,F1,7,117,25.0,3.0,1,C2,N
699,66,Gtp,1,F1,17,117,25.0,3.0,1,C2,N
700,69,Gtp,1,F1,8,117,25.0,3.0,1,C2,N
701,73,Gtp,1,F1,22,117,25.0,3.0,1,C2,N
702,80,Gtp,1,F1,20,117,25.0,3.0,1,C2,N
703,85,Gtp,1,F1,13,117,25.0,3.0,1,C2,N
704,86,Gtp,1,F1,8,117,25.0,3.0,1,C2,N
705,89,Gtp,1,F1,19,117,25.0,3.0,1,C2,N
706,90,Gtp,1,F1,13,117,25.0,3.0,1,C2,N
707,93,Gtp,1,F1,20,117,25.0,3.0,1,C2,N
708,97,Gtp,1,F1,10,117,25.0,3.0,1,C2,N
709,101,Gtp,1,F1,9,117,25.0,3.0,1,C2,N
710,106,Gtp,1,F1,23,117,25.0,3.0,1,C2,N
711,111,Gtp,1,F1,24,117,25.0,3.0,1,C2,N
712,5,ALT,1,F1,25,1529,25.0,3.0,1,C2,N
713,9,ALT,1,F1,20,1529,25.0,3.0,1,C2,N
714,12,ALT,1,F1,5,1529,25.0,3.0,1,C2,N
715,22,ALT,1,F1,11,1529,25.0,3.0,1,C2,N
716,26,ALT,1,F1,20,1529,25.0,3.0,1,C2,N
717,28,ALT,1,F1,8,1529,25.0,3.0,1,C2,N
718,35,ALT,1,F1,12,1529,25.0,3.0,1,C2,N
719,38,ALT,1,F1,8,1529,25.0,3.0,1,C2,N
720,40,ALT,1,F1,13,1529,25.0,3.0,1,C2,N
721,41,ALT,1,F1,21,1529,25.0,3.0,1,C2,N
722,42,ALT,1,F1,14,1529,25.0,3.0,1,C2,N
723,52,ALT,1,F1,9,1529,25.0,3.0,1,C2,N
724,53,ALT,1,F1,8,1529,25.0,3.0,1,C2,N
725,58,ALT,1,F1,10,1529,25.0,3.0,1,C2,N
726,66,ALT,1,F1,24,1529,25.0,3.0,1,C2,N
727,67,ALT,1,F1,23,1529,25.0,3.0,1,C2,N
728,74,ALT,1,F1,11,1529,25.0,3.0,1,C2,N
729,76,ALT,1,F1,7,1529,25.0,3.0,1,C2,N
730,88,ALT,1,F1,22,1529,25.0,3.0,1,C2,N
731,89,ALT,1,F1,20,1529,25.0,3.0,1,C2,N
732,90,ALT,1,F1,8,1529,25.0,3.0,1,C2,N
733,93,ALT,1,F1,20,1529,25.0,3.0,1,C2,N
734,105,ALT,1,F1,20,1529,25.0,3.0,1,C2,N
735,109,ALT,1,F1,23,1529,25.0,3.0,1,C2,N
736,3,AST,1,F1,15,503,25.0,3.0,1,C2,N
737,5,AST,1,F1,25,503,25.0,3.0,1,C2,N
738,6,AST,1,F1,25,503,25.0,3.0,1,C2,N
739,7,AST,1,F1,10,503,25.0,3.0,1,C2,N
740,9,AST,1,F1,20,503,25.0,3.0,1,C2,N
741,14,AST,1,F1,7,503,25.0,3.0,1,C2,N
742,18,AST,1,F1,13,503,25.0,3.0,1,C2,N
743,22,AST,1,F1,10,503,25.0,3.0,1,C2,N
744,28,AST,1,F1,8,503,25.0,3.0,1,C2,N
745,30,AST,1,F1,20,503,25.0,3.0,1,C2,N
746,34,AST,1,F1,15,503,25.0,3.0,1,C2,N
747,38,AST,1,F1,9,503,25.0,3.0,1,C2,N
748,42,AST,1,F1,15,503,25.0,3.0,1,C2,N
749,47,AST,1,F1,18,503,25.0,3.0,1,C2,N
750,57,AST,1,F1,11,503,25.0,3.0,1,C2,N
751,58,AST,1,F1,12,503,25.0,3.0,1,C2,N
752,66,AST,1,F1,23,503,25.0,3.0,1,C2,N
753,67,AST,1,F1,20,503,25.0,3.0,1,C2,N
754,69,AST,1,F1,17,503,25.0,3.0,1,C2,N
755,70,AST,1,F1,16,503,25.0,3.0,1,C2,N
756,74,AST,1,F1,15,503,25.0,3.0,1,C2,N
757,77,AST,1,F1,7,503,25.0,3.0,1,C2,N
758,80,AST,1,F1,20,503,25.0,3.0,1,C2,N
759,83,AST,1,F1,5,503,25.0,3.0,1,C2,N
760,85,AST,1,F1,17,503,25.0,3.0,1,C2,N
761,86,AST,1,F1,7,503,25.0,3.0,1,C2,N
762,89,AST,1,F1,22,503,25.0,3.0,1,C2,N
763,93,AST,1,F1,20,503,25.0,3.0,1,C2,N
764,105,AST,1,F1,20,503,25.0,3.0,1,C2,N
765,111,AST,1,F1,25,503,25.0,3.0,1,C2,N
766,116,AST,1,F1,15,503,25.0,3.0,1,C2,N
767,3,serum creatinine,1,F1,15,172,25.0,16.0,1,C2,N
768,5,serum creatinine,1,F1,25,172,25.0,16.0,1,C2,N
769,7,serum creatinine,1,F1,21,172,25.0,16.0,1,C2,N
770,9,serum creatinine,1,F1,15,172,25.0,16.0,1,C2,N
771,13,serum creatinine,1,F1,10,172,25.0,16.0,1,C2,N
772,14,serum creatinine,1,F1,8,172,25.0,16.0,1,C2,N
773,25,serum creatinine,1,F1,18,172,25.0,16.0,1,C2,N
774,28,serum creatinine,1,F1,13,172,25.0,16.0,1,C2,N
775,34,serum creatinine,1,F1,22,172,25.0,16.0,1,C2,N
776,41,serum creatinine,1,F1,23,172,25.0,16.0,1,C2,N
777,42,serum creatinine,1,F1,17,172,25.0,16.0,1,C2,N
778,45,serum creatinine,1,F1,12,172,25.0,16.0,1,C2,N
779,52,serum creatinine,1,F1,15,172,25.0,16.0,1,C2,N
780,53,serum creatinine,1,F1,7,172,25.0,16.0,1,C2,N
781,66,serum creatinine,1,F1,25,172,25.0,16.0,1,C2,N
782,69,serum creatinine,1,F1,25,172,25.0,16.0,1,C2,N
783,73,serum creatinine,1,F1,22,172,25.0,16.0,1,C2,N
784,83,serum creatinine,1,F1,21,172,25.0,16.0,1,C2,N
785,84,serum creatinine,1,F1,17,172,25.0,16.0,1,C2,N
786,85,serum creatinine,1,F1,19,172,25.0,16.0,1,C2,N
787,88,serum creatinine,1,F1,21,172,25.0,16.0,1,C2,N
788,90,serum creatinine,1,F1,14,172,25.0,16.0,1,C2,N
789,101,serum creatinine,1,F1,14,172,25.0,16.0,1,C2,N
790,104,serum creatinine,1,F1,21,172,25.0,16.0,1,C2,N
791,105,serum creatinine,1,F1,20,172,25.0,16.0,1,C2,N
792,107,serum creatinine,1,F1,14,172,25.0,16.0,1,C2,N
793,109,serum creatinine,1,F1,21,172,25.0,16.0,1,C2,N
794,111,serum creatinine,1,F1,22,172,25.0,16.0,1,C2,N
795,118,serum creatinine,1,F1,20,172,25.0,16.0,1,C2,N
796,14,urine protein,1,F1,18,15,10.39,13.0,1,C2,N
797,20,urine protein,1,F1,22,15,10.39,13.0,1,C2,N
798,26,urine protein,1,F1,20,15,10.39,13.0,1,C2,N
799,28,urine protein,1,F1,17,15,10.39,13.0,1,C2,N
800,30,urine protein,1,F1,10,15,10.39,13.0,1,C2,N
801,35,urine protein,1,F1,21,15,10.39,13.0,1,C2,N
802,37,urine protein,1,F1,18,15,10.39,13.0,1,C2,N
803,40,urine protein,1,F1,20,15,10.39,13.0,1,C2,N
804,41,urine protein,1,F1,20,15,10.39,13.0,1,C2,N
805,45,urine protein,1,F1,13,15,10.39,13.0,1,C2,N
806,52,urine protein,1,F1,18,15,10.39,13.0,1,C2,N
807,53,urine protein,1,F1,20,15,10.39,13.0,1,C2,N
808,58,urine protein,1,F1,22,15,10.39,13.0,1,C2,N
809,61,urine protein,1,F1,24,15,10.39,13.0,1,C2,N
810,66,urine protein,1,F1,25,15,10.39,13.0,1,C2,N
811,67,urine protein,1,F1,24,15,10.39,13.0,1,C2,N
812,69,urine protein,1,F1,25,15,10.39,13.0,1,C2,N
813,76,urine protein,1,F1,23,15,10.39,13.0,1,C2,N
814,80,urine protein,1,F1,20,15,10.39,13.0,1,C2,N
815,82,urine protein,1,F1,22,15,10.39,13.0,1,C2,N
816,83,urine protein,1,F1,25,15,10.39,13.0,1,C2,N
817,89,urine protein,1,F1,25,15,10.39,13.0,1,C2,N
818,90,urine protein,1,F1,20,15,10.39,13.0,1,C2,N
819,95,urine protein,1,F1,21,15,10.39,13.0,1,C2,N
820,101,urine protein,1,F1,9,15,10.39,13.0,1,C2,N
821,104,urine protein,1,F1,22,15,10.39,13.0,1,C2,N
822,106,urine protein,1,F1,21,15,10.39,13.0,1,C2,N
823,111,urine protein,1,F1,25,15,10.39,13.0,1,C2,N
824,113,urine protein,1,F1,25,15,10.39,13.0,1,C2,N
825,118,urine protein,1,F1,17,15,10.39,13.0,1,C2,N
826,119,urine protein,1,F1,25,15,10.39,13.0,1,C2,N
827,3,hemoglobin,1,F1,14,860,13.45,10.0,1,C2,N
828,6,hemoglobin,1,F1,25,860,13.45,10.0,1,C2,N
829,12,hemoglobin,1,F1,16,860,13.45,10.0,1,C2,N
830,13,hemoglobin,1,F1,8,860,13.45,10.0,1,C2,N
831,14,hemoglobin,1,F1,19,860,13.45,10.0,1,C2,N
832,18,hemoglobin,1,F1,20,860,13.45,10.0,1,C2,N
833,25,hemoglobin,1,F1,19,860,13.45,10.0,1,C2,N
834,30,hemoglobin,1,F1,20,860,13.45,10.0,1,C2,N
835,35,hemoglobin,1,F1,24,860,13.45,10.0,1,C2,N
836,37,hemoglobin,1,F1,22,860,13.45,10.0,1,C2,N
837,38,hemoglobin,1,F1,21,860,13.45,10.0,1,C2,N
838,41,hemoglobin,1,F1,22,860,13.45,10.0,1,C2,N
839,47,hemoglobin,1,F1,22,860,13.45,10.0,1,C2,N
840,57,hemoglobin,1,F1,20,860,13.45,10.0,1,C2,N
841,58,hemoglobin,1,F1,11,860,13.45,10.0,1,C2,N
842,61,hemoglobin,1,F1,19,860,13.45,10.0,1,C2,N
843,67,hemoglobin,1,F1,20,860,13.45,10.0,1,C2,N
844,69,hemoglobin,1,F1,25,860,13.45,10.0,1,C2,N
845,76,hemoglobin,1,F1,19,860,13.45,10.0,1,C2,N
846,77,hemoglobin,1,F1,16,860,13.45,10.0,1,C2,N
847,82,hemoglobin,1,F1,22,860,13.45,10.0,1,C2,N
848,84,hemoglobin,1,F1,16,860,13.45,10.0,1,C2,N
849,85,hemoglobin,1,F1,20,860,13.45,10.0,1,C2,N
850,93,hemoglobin,1,F1,20,860,13.45,10.0,1,C2,N
851,95,hemoglobin,1,F1,23,860,13.45,10.0,1,C2,N
852,105,hemoglobin,1,F1,20,860,13.45,10.0,1,C2,N
853,106,hemoglobin,1,F1,21,860,13.45,10.0,1,C2,N
854,109,hemoglobin,1,F1,23,860,13.45,10.0,1,C2,N
855,111,hemoglobin,1,F1,25,860,13.45,10.0,1,C2,N
856,116,hemoglobin,1,F1,19,860,13.45,10.0,1,C2,N
857,118,hemoglobin,1,F1,20,860,13.45,10.0,1,C2,N
858,3,LDL,1,F1,16,1216,25.0,3.0,1,C2,N
859,5,LDL,1,F1,25,1216,25.0,3.0,1,C2,N
860,13,LDL,1,F1,8,1216,25.0,3.0,1,C2,N
861,18,LDL,1,F1,20,1216,25.0,3.0,1,C2,N
862,20,LDL,1,F1,23,1216,25.0,3.0,1,C2,N
863,26,LDL,1,F1,20,1216,25.0,3.0,1,C2,N
864,30,LDL,1,F1,18,1216,25.0,3.0,1,C2,N
865,35,LDL,1,F1,12,1216,25.0,3.0,1,C2,N
866,41,LDL,1,F1,21,1216,25.0,3.0,1,C2,N
867,42,LDL,1,F1,15,1216,25.0,3.0,1,C2,N
868,52,LDL,1,F1,19,1216,25.0,3.0,1,C2,N
869,58,LDL,1,F1,10,1216,25.0,3.0,1,C2,N
870,66,LDL,1,F1,25,1216,25.0,3.0,1,C2,N
871,69,LDL,1,F1,25,1216,25.0,3.0,1,C2,N
872,70,LDL,1,F1,20,1216,25.0,3.0,1,C2,N
873,73,LDL,1,F1,22,1216,25.0,3.0,1,C2,N
874,76,LDL,1,F1,13,1216,25.0,3.0,1,C2,N
875,82,LDL,1,F1,13,1216,25.0,3.0,1,C2,N
876,84,LDL,1,F1,16,1216,25.0,3.0,1,C2,N
877,85,LDL,1,F1,20,1216,25.0,3.0,1,C2,N
878,89,LDL,1,F1,22,1216,25.0,3.0,1,C2,N
879,93,LDL,1,F1,20,1216,25.0,3.0,1,C2,N
880,97,LDL,1,F1,5,1216,25.0,3.0,1,C2,N
881,101,LDL,1,F1,13,1216,25.0,3.0,1,C2,N
882,107,LDL,1,F1,9,1216,25.0,3.0,1,C2,N
883,109,LDL,1,F1,22,1216,25.0,3.0,1,C2,N
884,111,LDL,1,F1,25,1216,25.0,3.0,1,C2,N
885,116,LDL,1,F1,17,1216,25.0,3.0,1,C2,N
886,119,LDL,1,F1,25,1216,25.0,3.0,1,C2,N
887,3,HDL,1,F1,14,1061,25.0,3.0,1,C2,N
888,5,HDL,1,F1,25,1061,25.0,3.0,1,C2,N
889,6,HDL,1,F1,25,1061,25.0,3.0,1,C2,N
890,12,HDL,1,F1,5,1061,25.0,3.0,1,C2,N
891,20,HDL,1,F1,21,1061,25.0,3.0,1,C2,N
892,22,HDL,1,F1,10,1061,25.0,3.0,1,C2,N
893,25,HDL,1,F1,18,1061,25.0,3.0,1,C2,N
894,26,HDL,1,F1,20,1061,25.0,3.0,1,C2,N
895,30,HDL,1,F1,19,1061,25.0,3.0,1,C2,N
896,35,HDL,1,F1,12,1061,25.0,3.0,1,C2,N
897,42,HDL,1,F1,14,1061,25.0,3.0,1,C2,N
898,45,HDL,1,F1,12,1061,25.0,3.0,1,C2,N
899,47,HDL,1,F1,15,1061,25.0,3.0,1,C2,N
900,53,HDL,1,F1,7,1061,25.0,3.0,1,C2,N
901,57,HDL,1,F1,11,1061,25.0,3.0,1,C2,N
902,58,HDL,1,F1,10,1061,25.0,3.0,1,C2,N
903,61,HDL,1,F1,21,1061,25.0,3.0,1,C2,N
904,66,HDL,1,F1,25,1061,25.0,3.0,1,C2,N
905,67,HDL,1,F1,22,1061,25.0,3.0,1,C2,N
906,76,HDL,1,F1,12,1061,25.0,3.0,1,C2,N
907,77,HDL,1,F1,12,1061,25.0,3.0,1,C2,N
908,82,HDL,1,F1,12,1061,25.0,3.0,1,C2,N
909,84,HDL,1,F1,16,1061,25.0,3.0,1,C2,N
910,88,HDL,1,F1,22,1061,25.0,3.0,1,C2,N
911,90,HDL,1,F1,12,1061,25.0,3.0,1,C2,N
912,95,HDL,1,F1,22,1061,25.0,3.0,1,C2,N
913,97,HDL,1,F1,10,1061,25.0,3.0,1,C2,N
914,101,HDL,1,F1,14,1061,25.0,3.0,1,C2,N
915,105,HDL,1,F1,20,1061,25.0,3.0,1,C2,N
916,106,HDL,1,F1,7,1061,25.0,3.0,1,C2,N
917,109,HDL,1,F1,21,1061,25.0,3.0,1,C2,N
918,111,HDL,1,F1,25,1061,25.0,3.0,1,C2,N
919,118,HDL,1,F1,20,1061,25.0,3.0,1,C2,N
920,119,HDL,1,F1,25,1061,25.0,3.0,1,C2,N
921,7,triglyceride,1,F1,16,291,15.83,12.0,1,C2,N
922,9,triglyceride,1,F1,20,291,15.83,12.0,1,C2,N
923,12,triglyceride,1,F1,5,291,15.83,12.0,1,C2,N
924,13,triglyceride,1,F1,9,291,15.83,12.0,1,C2,N
925,14,triglyceride,1,F1,9,291,15.83,12.0,1,C2,N
926,18,triglyceride,1,F1,21,291,15.83,12.0,1,C2,N
927,25,triglyceride,1,F1,21,291,15.83,12.0,1,C2,N
928,26,triglyceride,1,F1,20,291,15.83,12.0,1,C2,N
929,30,triglyceride,1,F1,20,291,15.83,12.0,1,C2,N
930,34,triglyceride,1,F1,16,291,15.83,12.0,1,C2,N
931,41,triglyceride,1,F1,20,291,15.83,12.0,1,C2,N
932,47,triglyceride,1,F1,9,291,15.83,12.0,1,C2,N
933,52,triglyceride,1,F1,16,291,15.83,12.0,1,C2,N
934,53,triglyceride,1,F1,10,291,15.83,12.0,1,C2,N
935,61,triglyceride,1,F1,19,291,15.83,12.0,1,C2,N
936,70,triglyceride,1,F1,20,291,15.83,12.0,1,C2,N
937,73,triglyceride,1,F1,23,291,15.83,12.0,1,C2,N
938,74,triglyceride,1,F1,21,291,15.83,12.0,1,C2,N
939,76,triglyceride,1,F1,20,291,15.83,12.0,1,C2,N
940,77,triglyceride,1,F1,7,291,15.83,12.0,1,C2,N
941,80,triglyceride,1,F1,20,291,15.83,12.0,1,C2,N
942,84,triglyceride,1,F1,16,291,15.83,12.0,1,C2,N
943,85,triglyceride,1,F1,20,291,15.83,12.0,1,C2,N
944,86,triglyceride,1,F1,21,291,15.83,12.0,1,C2,N
945,89,triglyceride,1,F1,21,291,15.83,12.0,1,C2,N
946,93,triglyceride,1,F1,20,291,15.83,12.0,1,C2,N
947,97,triglyceride,1,F1,11,291,15.83,12.0,1,C2,N
948,101,triglyceride,1,F1,13,291,15.83,12.0,1,C2,N
949,106,triglyceride,1,F1,7,291,15.83,12.0,1,C2,N
950,107,triglyceride,1,F1,12,291,15.83,12.0,1,C2,N
951,109,triglyceride,1,F1,22,291,15.83,12.0,1,C2,N
952,111,triglyceride,1,F1,22,291,15.83,12.0,1,C2,N
953,113,triglyceride,1,F1,25,291,15.83,12.0,1,C2,N
954,116,triglyceride,1,F1,19,291,15.83,12.0,1,C2,N
955,3,Cholesterol,1,F1,12,14607,13.15,11.0,1,C2,N
956,5,Cholesterol,1,F1,25,14607,13.15,11.0,1,C2,N
957,6,Cholesterol,1,F1,25,14607,13.15,11.0,1,C2,N
958,12,Cholesterol,1,F1,18,14607,13.15,11.0,1,C2,N
959,22,Cholesterol,1,F1,20,14607,13.15,11.0,1,C2,N
960,26,Cholesterol,1,F1,20,14607,13.15,11.0,1,C2,N
961,28,Cholesterol,1,F1,18,14607,13.15,11.0,1,C2,N
962,34,Cholesterol,1,F1,23,14607,13.15,11.0,1,C2,N
963,37,Cholesterol,1,F1,20,14607,13.15,11.0,1,C2,N
964,40,Cholesterol,1,F1,22,14607,13.15,11.0,1,C2,N
965,41,Cholesterol,1,F1,19,14607,13.15,11.0,1,C2,N
966,52,Cholesterol,1,F1,20,14607,13.15,11.0,1,C2,N
967,61,Cholesterol,1,F1,17,14607,13.15,11.0,1,C2,N
968,67,Cholesterol,1,F1,23,14607,13.15,11.0,1,C2,N
969,76,Cholesterol,1,F1,20,14607,13.15,11.0,1,C2,N
970,77,Cholesterol,1,F1,19,14607,13.15,11.0,1,C2,N
971,80,Cholesterol,1,F1,20,14607,13.15,11.0,1,C2,N
972,82,Cholesterol,1,F1,24,14607,13.15,11.0,1,C2,N
973,83,Cholesterol,1,F1,25,14607,13.15,11.0,1,C2,N
974,85,Cholesterol,1,F1,24,14607,13.15,11.0,1,C2,N
975,86,Cholesterol,1,F1,21,14607,13.15,11.0,1,C2,N
976,89,Cholesterol,1,F1,23,14607,13.15,11.0,1,C2,N
977,90,Cholesterol,1,F1,20,14607,13.15,11.0,1,C2,N
978,93,Cholesterol,1,F1,20,14607,13.15,11.0,1,C2,N
979,95,Cholesterol,1,F1,23,14607,13.15,11.0,1,C2,N
980,107,Cholesterol,1,F1,25,14607,13.15,11.0,1,C2,N
981,111,Cholesterol,1,F1,25,14607,13.15,11.0,1,C2,N
982,113,Cholesterol,1,F1,25,14607,13.15,11.0,1,C2,N
983,116,Cholesterol,1,F1,21,14607,13.15,11.0,1,C2,N
984,118,Cholesterol,1,F1,20,14607,13.15,11.0,1,C2,N
985,5,fasting blood sugar,1,F1,25,37,25.0,19.0,1,C2,N
986,13,fasting blood sugar,1,F1,8,37,25.0,19.0,1,C2,N
987,14,fasting blood sugar,1,F1,19,37,25.0,19.0,1,C2,N
988,20,fasting blood sugar,1,F1,23,37,25.0,19.0,1,C2,N
989,34,fasting blood sugar,1,F1,19,37,25.0,19.0,1,C2,N
990,37,fasting blood sugar,1,F1,20,37,25.0,19.0,1,C2,N
991,53,fasting blood sugar,1,F1,10,37,25.0,19.0,1,C2,N
992,69,fasting blood sugar,1,F1,20,37,25.0,19.0,1,C2,N
993,70,fasting blood sugar,1,F1,20,37,25.0,19.0,1,C2,N
994,83,fasting blood sugar,1,F1,16,37,25.0,19.0,1,C2,N
995,84,fasting blood sugar,1,F1,20,37,25.0,19.0,1,C2,N
996,85,fasting blood sugar,1,F1,23,37,25.0,19.0,1,C2,N
997,86,fasting blood sugar,1,F1,18,37,25.0,19.0,1,C2,N
998,88,fasting blood sugar,1,F1,25,37,25.0,19.0,1,C2,N
999,95,fasting blood sugar,1,F1,23,37,25.0,19.0,1,C2,N
1000,97,fasting blood sugar,1,F1,20,37,25.0,19.0,1,C2,N
1001,104,fasting blood sugar,1,F1,20,37,25.0,19.0,1,C2,N
1002,105,fasting blood sugar,1,F1,20,37,25.0,19.0,1,C2,N
1003,107,fasting blood sugar,1,F1,14,37,25.0,19.0,1,C2,N
1004,113,fasting blood sugar,1,F1,25,37,25.0,19.0,1,C2,N
1005,116,fasting blood sugar,1,F1,21,37,25.0,19.0,1,C2,N
1006,118,fasting blood sugar,1,F1,20,37,25.0,19.0,1,C2,N
1007,119,fasting blood sugar,1,F1,24,37,25.0,19.0,1,C2,N
1008,3,relaxation,1,F1,18,3931,9.56,10.0,7,B1,N
1009,7,relaxation,1,F1,19,3931,9.56,10.0,7,B1,N
1010,14,relaxation,1,F1,19,3931,9.56,10.0,7,B1,N
1011,18,relaxation,1,F1,21,3931,9.56,10.0,7,B1,N
1012,20,relaxation,1,F1,12,3931,9.56,10.0,7,B1,N
1013,22,relaxation,1,F1,20,3931,9.56,10.0,7,B1,N
1014,28,relaxation,1,F1,8,3931,9.56,10.0,7,B1,N
1015,35,relaxation,1,F1,18,3931,9.56,10.0,7,B1,N
1016,38,relaxation,1,F1,18,3931,9.56,10.0,7,B1,N
1017,40,relaxation,1,F1,15,3931,9.56,10.0,7,B1,N
1018,45,relaxation,1,F1,11,3931,9.56,10.0,7,B1,N
1019,47,relaxation,1,F1,17,3931,9.56,10.0,7,B1,N
1020,52,relaxation,1,F1,9,3931,9.56,10.0,7,B1,N
1021,53,relaxation,1,F1,25,3931,9.56,10.0,7,B1,N
1022,57,relaxation,1,F1,13,3931,9.56,10.0,7,B1,N
1023,61,relaxation,1,F1,5,3931,9.56,10.0,7,B1,N
1024,67,relaxation,1,F1,21,3931,9.56,10.0,7,B1,N
1025,70,relaxation,1,F1,20,3931,9.56,10.0,7,B1,N
1026,73,relaxation,1,F1,22,3931,9.56,10.0,7,B1,N
1027,74,relaxation,1,F1,22,3931,9.56,10.0,7,B1,N
1028,76,relaxation,1,F1,9,3931,9.56,10.0,7,B1,N
1029,82,relaxation,1,F1,19,3931,9.56,10.0,7,B1,N
1030,83,relaxation,1,F1,24,3931,9.56,10.0,7,B1,N
1031,84,relaxation,1,F1,16,3931,9.56,10.0,7,B1,N
1032,86,relaxation,1,F1,9,3931,9.56,10.0,7,B1,N
1033,88,relaxation,1,F1,24,3931,9.56,10.0,7,B1,N
1034,89,relaxation,1,F1,24,3931,9.56,10.0,7,B1,N
1035,93,relaxation,1,F1,10,3931,9.56,10.0,7,B1,N
1036,97,relaxation,1,F1,15,3931,9.56,10.0,7,B1,N
1037,101,relaxation,1,F1,7,3931,9.56,10.0,7,B1,N
1038,104,relaxation,1,F1,22,3931,9.56,10.0,7,B1,N
1039,105,relaxation,1,F1,21,3931,9.56,10.0,7,B1,N
1040,107,relaxation,1,F1,22,3931,9.56,10.0,7,B1,N
1041,113,relaxation,1,F1,13,3931,9.56,10.0,7,B1,N
1042,119,relaxation,1,F1,21,3931,9.56,10.0,7,B1,N
1043,3,systolic,1,F1,14,782,17.23,8.0,1,C2,N
1044,7,systolic,1,F1,20,782,17.23,8.0,1,C2,N
1045,9,systolic,1,F1,17,782,17.23,8.0,1,C2,N
1046,13,systolic,1,F1,12,782,17.23,8.0,1,C2,N
1047,28,systolic,1,F1,9,782,17.23,8.0,1,C2,N
1048,34,systolic,1,F1,20,782,17.23,8.0,1,C2,N
1049,35,systolic,1,F1,19,782,17.23,8.0,1,C2,N
1050,38,systolic,1,F1,25,782,17.23,8.0,1,C2,N
1051,40,systolic,1,F1,20,782,17.23,8.0,1,C2,N
1052,41,systolic,1,F1,19,782,17.23,8.0,1,C2,N
1053,45,systolic,1,F1,12,782,17.23,8.0,1,C2,N
1054,57,systolic,1,F1,20,782,17.23,8.0,1,C2,N
1055,58,systolic,1,F1,20,782,17.23,8.0,1,C2,N
1056,66,systolic,1,F1,25,782,17.23,8.0,1,C2,N
1057,70,systolic,1,F1,16,782,17.23,8.0,1,C2,N
1058,73,systolic,1,F1,22,782,17.23,8.0,1,C2,N
1059,77,systolic,1,F1,12,782,17.23,8.0,1,C2,N
1060,83,systolic,1,F1,5,782,17.23,8.0,1,C2,N
1061,84,systolic,1,F1,16,782,17.23,8.0,1,C2,N
1062,85,systolic,1,F1,25,782,17.23,8.0,1,C2,N
1063,88,systolic,1,F1,22,782,17.23,8.0,1,C2,N
1064,93,systolic,1,F1,20,782,17.23,8.0,1,C2,N
1065,97,systolic,1,F1,22,782,17.23,8.0,1,C2,N
1066,116,systolic,1,F1,23,782,17.23,8.0,1,C2,N
1067,118,systolic,1,F1,20,782,17.23,8.0,1,C2,N
1068,12,hearing (right),1,F1,24,71974,6.05,15.0,7,A1,C
1069,14,hearing (right),1,F1,26,71974,6.05,15.0,7,A1,C
1070,18,hearing (right),1,F1,24,71974,6.05,15.0,7,A1,C
1071,22,hearing (right),1,F1,15,71974,6.05,15.0,7,A1,C
1072,26,hearing (right),1,F1,12,71974,6.05,15.0,7,A1,C
1073,37,hearing (right),1,F1,23,71974,6.05,15.0,7,A1,C
1074,42,hearing (right),1,F1,22,71974,6.05,15.0,7,A1,C
1075,47,hearing (right),1,F1,27,71974,6.05,15.0,7,A1,C
1076,52,hearing (right),1,F1,19,71974,6.05,15.0,7,A1,C
1077,61,hearing (right),1,F1,10,71974,6.05,15.0,7,A1,C
1078,66,hearing (right),1,F1,17,71974,6.05,15.0,7,A1,C
1079,67,hearing (right),1,F1,27,71974,6.05,15.0,7,A1,C
1080,70,hearing (right),1,F1,24,71974,6.05,15.0,7,A1,C
1081,73,hearing (right),1,F1,25,71974,6.05,15.0,7,A1,C
1082,74,hearing (right),1,F1,24,71974,6.05,15.0,7,A1,C
1083,82,hearing (right),1,F1,13,71974,6.05,15.0,7,A1,C
1084,95,hearing (right),1,F1,17,71974,6.05,15.0,7,A1,C
1085,106,hearing (right),1,F1,25,71974,6.05,15.0,7,A1,C
1086,109,hearing (right),1,F1,23,71974,6.05,15.0,7,A1,C
1087,111,hearing (right),1,F1,30,71974,6.05,15.0,7,A1,C
1088,118,hearing (right),1,F1,23,71974,6.05,15.0,7,A1,C
1089,119,hearing (right),1,F1,20,71974,6.05,15.0,7,A1,C
1090,5,hearing (left),1,F1,30,71974,6.05,14.0,7,A1,C
1091,6,hearing (left),1,F1,30,71974,6.05,14.0,7,A1,C
1092,9,hearing (left),1,F1,24,71974,6.05,14.0,7,A1,C
1093,13,hearing (left),1,F1,11,71974,6.05,14.0,7,A1,C
1094,20,hearing (left),1,F1,23,71974,6.05,14.0,7,A1,C
1095,22,hearing (left),1,F1,24,71974,6.05,14.0,7,A1,C
1096,25,hearing (left),1,F1,20,71974,6.05,14.0,7,A1,C
1097,30,hearing (left),1,F1,20,71974,6.05,14.0,7,A1,C
1098,34,hearing (left),1,F1,13,71974,6.05,14.0,7,A1,C
1099,35,hearing (left),1,F1,24,71974,6.05,14.0,7,A1,C
1100,37,hearing (left),1,F1,24,71974,6.05,14.0,7,A1,C
1101,38,hearing (left),1,F1,27,71974,6.05,14.0,7,A1,C
1102,40,hearing (left),1,F1,14,71974,6.05,14.0,7,A1,C
1103,42,hearing (left),1,F1,19,71974,6.05,14.0,7,A1,C
1104,52,hearing (left),1,F1,17,71974,6.05,14.0,7,A1,C
1105,57,hearing (left),1,F1,22,71974,6.05,14.0,7,A1,C
1106,67,hearing (left),1,F1,20,71974,6.05,14.0,7,A1,C
1107,69,hearing (left),1,F1,12,71974,6.05,14.0,7,A1,C
1108,74,hearing (left),1,F1,22,71974,6.05,14.0,7,A1,C
1109,77,hearing (left),1,F1,19,71974,6.05,14.0,7,A1,C
1110,82,hearing (left),1,F1,13,71974,6.05,14.0,7,A1,C
1111,83,hearing (left),1,F1,29,71974,6.05,14.0,7,A1,C
1112,85,hearing (left),1,F1,17,71974,6.05,14.0,7,A1,C
1113,86,hearing (left),1,F1,15,71974,6.05,14.0,7,A1,C
1114,88,hearing (left),1,F1,29,71974,6.05,14.0,7,A1,C
1115,89,hearing (left),1,F1,20,71974,6.05,14.0,7,A1,C
1116,93,hearing (left),1,F1,23,71974,6.05,14.0,7,A1,C
1117,105,hearing (left),1,F1,25,71974,6.05,14.0,7,A1,C
1118,106,hearing (left),1,F1,25,71974,6.05,14.0,7,A1,C
1119,107,hearing (left),1,F1,11,71974,6.05,14.0,7,A1,C
1120,113,hearing (left),1,F1,28,71974,6.05,14.0,7,A1,C
1121,119,hearing (left),1,F1,26,71974,6.05,14.0,7,A1,C
1122,5,eyesight (right),1,F1,25,1583,7.59,16.0,1,B2,N
1123,6,eyesight (right),1,F1,25,1583,7.59,16.0,1,B2,N
1124,7,eyesight (right),1,F1,20,1583,7.59,16.0,1,B2,N
1125,12,eyesight (right),1,F1,19,1583,7.59,16.0,1,B2,N
1126,13,eyesight (right),1,F1,18,1583,7.59,16.0,1,B2,N
1127,14,eyesight (right),1,F1,19,1583,7.59,16.0,1,B2,N
1128,20,eyesight (right),1,F1,19,1583,7.59,16.0,1,B2,N
1129,25,eyesight (right),1,F1,18,1583,7.59,16.0,1,B2,N
1130,30,eyesight (right),1,F1,19,1583,7.59,16.0,1,B2,N
1131,34,eyesight (right),1,F1,17,1583,7.59,16.0,1,B2,N
1132,42,eyesight (right),1,F1,20,1583,7.59,16.0,1,B2,N
1133,45,eyesight (right),1,F1,11,1583,7.59,16.0,1,B2,N
1134,52,eyesight (right),1,F1,13,1583,7.59,16.0,1,B2,N
1135,57,eyesight (right),1,F1,20,1583,7.59,16.0,1,B2,N
1136,58,eyesight (right),1,F1,22,1583,7.59,16.0,1,B2,N
1137,67,eyesight (right),1,F1,22,1583,7.59,16.0,1,B2,N
1138,70,eyesight (right),1,F1,20,1583,7.59,16.0,1,B2,N
1139,73,eyesight (right),1,F1,21,1583,7.59,16.0,1,B2,N
1140,74,eyesight (right),1,F1,21,1583,7.59,16.0,1,B2,N
1141,76,eyesight (right),1,F1,21,1583,7.59,16.0,1,B2,N
1142,77,eyesight (right),1,F1,23,1583,7.59,16.0,1,B2,N
1143,82,eyesight (right),1,F1,25,1583,7.59,16.0,1,B2,N
1144,86,eyesight (right),1,F1,19,1583,7.59,16.0,1,B2,N
1145,88,eyesight (right),1,F1,25,1583,7.59,16.0,1,B2,N
1146,90,eyesight (right),1,F1,12,1583,7.59,16.0,1,B2,N
1147,95,eyesight (right),1,F1,23,1583,7.59,16.0,1,B2,N
1148,101,eyesight (right),1,F1,12,1583,7.59,16.0,1,B2,N
1149,104,eyesight (right),1,F1,21,1583,7.59,16.0,1,B2,N
1150,105,eyesight (right),1,F1,20,1583,7.59,16.0,1,B2,N
1151,106,eyesight (right),1,F1,23,1583,7.59,16.0,1,B2,N
1152,111,eyesight (right),1,F1,25,1583,7.59,16.0,1,B2,N
1153,113,eyesight (right),1,F1,25,1583,7.59,16.0,1,B2,N
1154,116,eyesight (right),1,F1,16,1583,7.59,16.0,1,B2,N
1155,119,eyesight (right),1,F1,24,1583,7.59,16.0,1,B2,N
1156,9,eyesight (left),1,F1,20,1583,7.59,15.0,1,B2,N
1157,12,eyesight (left),1,F1,19,1583,7.59,15.0,1,B2,N
1158,13,eyesight (left),1,F1,12,1583,7.59,15.0,1,B2,N
1159,20,eyesight (left),1,F1,21,1583,7.59,15.0,1,B2,N
1160,25,eyesight (left),1,F1,18,1583,7.59,15.0,1,B2,N
1161,26,eyesight (left),1,F1,20,1583,7.59,15.0,1,B2,N
1162,28,eyesight (left),1,F1,18,1583,7.59,15.0,1,B2,N
1163,30,eyesight (left),1,F1,20,1583,7.59,15.0,1,B2,N
1164,34,eyesight (left),1,F1,15,1583,7.59,15.0,1,B2,N
1165,37,eyesight (left),1,F1,20,1583,7.59,15.0,1,B2,N
1166,40,eyesight (left),1,F1,17,1583,7.59,15.0,1,B2,N
1167,47,eyesight (left),1,F1,17,1583,7.59,15.0,1,B2,N
1168,53,eyesight (left),1,F1,20,1583,7.59,15.0,1,B2,N
1169,67,eyesight (left),1,F1,22,1583,7.59,15.0,1,B2,N
1170,76,eyesight (left),1,F1,20,1583,7.59,15.0,1,B2,N
1171,83,eyesight (left),1,F1,23,1583,7.59,15.0,1,B2,N
1172,84,eyesight (left),1,F1,23,1583,7.59,15.0,1,B2,N
1173,85,eyesight (left),1,F1,20,1583,7.59,15.0,1,B2,N
1174,86,eyesight (left),1,F1,19,1583,7.59,15.0,1,B2,N
1175,90,eyesight (left),1,F1,12,1583,7.59,15.0,1,B2,N
1176,95,eyesight (left),1,F1,22,1583,7.59,15.0,1,B2,N
1177,97,eyesight (left),1,F1,19,1583,7.59,15.0,1,B2,N
1178,106,eyesight (left),1,F1,21,1583,7.59,15.0,1,B2,N
1179,107,eyesight (left),1,F1,11,1583,7.59,15.0,1,B2,N
1180,113,eyesight (left),1,F1,25,1583,7.59,15.0,1,B2,N
1181,116,eyesight (left),1,F1,16,1583,7.59,15.0,1,B2,N
1182,119,eyesight (left),1,F1,25,1583,7.59,15.0,1,B2,N
1183,3,waist,1,F1,15,11167,6.42,5.0,2,B2,N
1184,5,waist,1,F1,25,11167,6.42,5.0,2,B2,N
1185,9,waist,1,F1,10,11167,6.42,5.0,2,B2,N
1186,12,waist,1,F1,25,11167,6.42,5.0,2,B2,N
1187,22,waist,1,F1,21,11167,6.42,5.0,2,B2,N
1188,26,waist,1,F1,20,11167,6.42,5.0,2,B2,N
1189,28,waist,1,F1,25,11167,6.42,5.0,2,B2,N
1190,35,waist,1,F1,23,11167,6.42,5.0,2,B2,N
1191,37,waist,1,F1,20,11167,6.42,5.0,2,B2,N
1192,38,waist,1,F1,25,11167,6.42,5.0,2,B2,N
1193,42,waist,1,F1,18,11167,6.42,5.0,2,B2,N
1194,45,waist,1,F1,12,11167,6.42,5.0,2,B2,N
1195,47,waist,1,F1,21,11167,6.42,5.0,2,B2,N
1196,53,waist,1,F1,25,11167,6.42,5.0,2,B2,N
1197,57,waist,1,F1,20,11167,6.42,5.0,2,B2,N
1198,61,waist,1,F1,20,11167,6.42,5.0,2,B2,N
1199,66,waist,1,F1,25,11167,6.42,5.0,2,B2,N
1200,69,waist,1,F1,24,11167,6.42,5.0,2,B2,N
1201,73,waist,1,F1,21,11167,6.42,5.0,2,B2,N
1202,74,waist,1,F1,21,11167,6.42,5.0,2,B2,N
1203,76,waist,1,F1,24,11167,6.42,5.0,2,B2,N
1204,77,waist,1,F1,25,11167,6.42,5.0,2,B2,N
1205,80,waist,1,F1,20,11167,6.42,5.0,2,B2,N
1206,83,waist,1,F1,25,11167,6.42,5.0,2,B2,N
1207,84,waist,1,F1,25,11167,6.42,5.0,2,B2,N
1208,88,waist,1,F1,20,11167,6.42,5.0,2,B2,N
1209,90,waist,1,F1,24,11167,6.42,5.0,2,B2,N
1210,95,waist,1,F1,22,11167,6.42,5.0,2,B2,N
1211,97,waist,1,F1,23,11167,6.42,5.0,2,B2,N
1212,105,waist,1,F1,19,11167,6.42,5.0,2,B2,N
1213,106,waist,1,F1,20,11167,6.42,5.0,2,B2,N
1214,113,waist,1,F1,25,11167,6.42,5.0,2,B2,N
1215,6,weight,1,F1,25,86228,6.53,6.0,8,B1,N
1216,7,weight,1,F1,25,86228,6.53,6.0,8,B1,N
1217,13,weight,1,F1,20,86228,6.53,6.0,8,B1,N
1218,18,weight,1,F1,25,86228,6.53,6.0,8,B1,N
1219,22,weight,1,F1,20,86228,6.53,6.0,8,B1,N
1220,25,weight,1,F1,25,86228,6.53,6.0,8,B1,N
1221,35,weight,1,F1,25,86228,6.53,6.0,8,B1,N
1222,37,weight,1,F1,20,86228,6.53,6.0,8,B1,N
1223,38,weight,1,F1,25,86228,6.53,6.0,8,B1,N
1224,42,weight,1,F1,25,86228,6.53,6.0,8,B1,N
1225,45,weight,1,F1,13,86228,6.53,6.0,8,B1,N
1226,47,weight,1,F1,25,86228,6.53,6.0,8,B1,N
1227,57,weight,1,F1,20,86228,6.53,6.0,8,B1,N
1228,58,weight,1,F1,23,86228,6.53,6.0,8,B1,N
1229,61,weight,1,F1,25,86228,6.53,6.0,8,B1,N
1230,69,weight,1,F1,25,86228,6.53,6.0,8,B1,N
1231,70,weight,1,F1,20,86228,6.53,6.0,8,B1,N
1232,77,weight,1,F1,25,86228,6.53,6.0,8,B1,N
1233,80,weight,1,F1,18,86228,6.53,6.0,8,B1,N
1234,82,weight,1,F1,25,86228,6.53,6.0,8,B1,N
1235,83,weight,1,F1,25,86228,6.53,6.0,8,B1,N
1236,86,weight,1,F1,22,86228,6.53,6.0,8,B1,N
1237,88,weight,1,F1,24,86228,6.53,6.0,8,B1,N
1238,89,weight,1,F1,25,86228,6.53,6.0,8,B1,N
1239,93,weight,1,F1,20,86228,6.53,6.0,8,B1,N
1240,97,weight,1,F1,25,86228,6.53,6.0,8,B1,N
1241,104,weight,1,F1,22,86228,6.53,6.0,8,B1,N
1242,105,weight,1,F1,21,86228,6.53,6.0,8,B1,N
1243,107,weight,1,F1,25,86228,6.53,6.0,8,B1,N
1244,109,weight,1,F1,21,86228,6.53,6.0,8,B1,N
1245,113,weight,1,F1,25,86228,6.53,6.0,8,B1,N
1246,118,weight,1,F1,25,86228,6.53,6.0,8,B1,N
1247,5,height,1,F1,25,30932,5.42,6.0,4,B1,N
1248,6,height,1,F1,25,30932,5.42,6.0,4,B1,N
1249,9,height,1,F1,10,30932,5.42,6.0,4,B1,N
1250,14,height,1,F1,25,30932,5.42,6.0,4,B1,N
1251,25,height,1,F1,22,30932,5.42,6.0,4,B1,N
1252,30,height,1,F1,21,30932,5.42,6.0,4,B1,N
1253,35,height,1,F1,25,30932,5.42,6.0,4,B1,N
1254,38,height,1,F1,25,30932,5.42,6.0,4,B1,N
1255,40,height,1,F1,25,30932,5.42,6.0,4,B1,N
1256,53,height,1,F1,25,30932,5.42,6.0,4,B1,N
1257,57,height,1,F1,20,30932,5.42,6.0,4,B1,N
1258,58,height,1,F1,25,30932,5.42,6.0,4,B1,N
1259,61,height,1,F1,25,30932,5.42,6.0,4,B1,N
1260,67,height,1,F1,22,30932,5.42,6.0,4,B1,N
1261,70,height,1,F1,20,30932,5.42,6.0,4,B1,N
1262,80,height,1,F1,20,30932,5.42,6.0,4,B1,N
1263,82,height,1,F1,25,30932,5.42,6.0,4,B1,N
1264,83,height,1,F1,25,30932,5.42,6.0,4,B1,N
1265,84,height,1,F1,25,30932,5.42,6.0,4,B1,N
1266,95,height,1,F1,23,30932,5.42,6.0,4,B1,N
1267,97,height,1,F1,23,30932,5.42,6.0,4,B1,N
1268,101,height,1,F1,20,30932,5.42,6.0,4,B1,N
1269,104,height,1,F1,20,30932,5.42,6.0,4,B1,N
1270,106,height,1,F1,22,30932,5.42,6.0,4,B1,N
1271,107,height,1,F1,25,30932,5.42,6.0,4,B1,N
1272,109,height,1,F1,24,30932,5.42,6.0,4,B1,N
1273,113,height,1,F1,25,30932,5.42,6.0,4,B1,N
1274,116,height,1,F1,25,30932,5.42,6.0,4,B1,N
1275,119,height,1,F1,25,30932,5.42,6.0,4,B1,N
1276,3,Age,1,F1,14,202733,4.38,3.0,8,A1,N
1277,6,Age,1,F1,25,202733,4.38,3.0,8,A1,N
1278,7,Age,1,F1,22,202733,4.38,3.0,8,A1,N
1279,12,Age,1,F1,25,202733,4.38,3.0,8,A1,N
1280,18,Age,1,F1,25,202733,4.38,3.0,8,A1,N
1281,20,Age,1,F1,25,202733,4.38,3.0,8,A1,N
1282,22,Age,1,F1,21,202733,4.38,3.0,8,A1,N
1283,26,Age,1,F1,20,202733,4.38,3.0,8,A1,N
1284,30,Age,1,F1,20,202733,4.38,3.0,8,A1,N
1285,34,Age,1,F1,6,202733,4.38,3.0,8,A1,N
1286,40,Age,1,F1,25,202733,4.38,3.0,8,A1,N
1287,41,Age,1,F1,21,202733,4.38,3.0,8,A1,N
1288,47,Age,1,F1,23,202733,4.38,3.0,8,A1,N
1289,57,Age,1,F1,20,202733,4.38,3.0,8,A1,N
1290,61,Age,1,F1,9,202733,4.38,3.0,8,A1,N
1291,69,Age,1,F1,23,202733,4.38,3.0,8,A1,N
1292,74,Age,1,F1,22,202733,4.38,3.0,8,A1,N
1293,77,Age,1,F1,25,202733,4.38,3.0,8,A1,N
1294,80,Age,1,F1,20,202733,4.38,3.0,8,A1,N
1295,82,Age,1,F1,25,202733,4.38,3.0,8,A1,N
1296,88,Age,1,F1,23,202733,4.38,3.0,8,A1,N
1297,90,Age,1,F1,24,202733,4.38,3.0,8,A1,N
1298,95,Age,1,F1,18,202733,4.38,3.0,8,A1,N
1299,101,Age,1,F1,14,202733,4.38,3.0,8,A1,N
1300,104,Age,1,F1,21,202733,4.38,3.0,8,A1,N
1301,109,Age,1,F1,23,202733,4.38,3.0,8,A1,N
1302,113,Age,1,F1,25,202733,4.38,3.0,8,A1,N
1303,118,Age,1,F1,25,202733,4.38,3.0,8,A1,N
1304,4,PaymentMethod,2,F2,12,117,11.15,14.0,2,B2,C
1305,11,PaymentMethod,2,F2,13,117,11.15,14.0,2,B2,C
1306,16,PaymentMethod,2,F2,12,117,11.15,14.0,2,B2,C
1307,24,PaymentMethod,2,F2,9,117,11.15,14.0,2,B2,C
1308,31,PaymentMethod,2,F2,9,117,11.15,14.0,2,B2,C
1309,33,PaymentMethod,2,F2,7,117,11.15,14.0,2,B2,C
1310,36,PaymentMethod,2,F2,12,117,11.15,14.0,2,B2,C
1311,46,PaymentMethod,2,F2,5,117,11.15,14.0,2,B2,C
1312,48,PaymentMethod,2,F2,13,117,11.15,14.0,2,B2,C
1313,49,PaymentMethod,2,F2,9,117,11.15,14.0,2,B2,C
1314,50,PaymentMethod,2,F2,12,117,11.15,14.0,2,B2,C
1315,51,PaymentMethod,2,F2,9,117,11.15,14.0,2,B2,C
1316,55,PaymentMethod,2,F2,6,117,11.15,14.0,2,B2,C
1317,56,PaymentMethod,2,F2,12,117,11.15,14.0,2,B2,C
1318,60,PaymentMethod,2,F2,13,117,11.15,14.0,2,B2,C
1319,63,PaymentMethod,2,F2,15,117,11.15,14.0,2,B2,C
1320,64,PaymentMethod,2,F2,12,117,11.15,14.0,2,B2,C
1321,65,PaymentMethod,2,F2,11,117,11.15,14.0,2,B2,C
1322,71,PaymentMethod,2,F2,12,117,11.15,14.0,2,B2,C
1323,72,PaymentMethod,2,F2,12,117,11.15,14.0,2,B2,C
1324,78,PaymentMethod,2,F2,7,117,11.15,14.0,2,B2,C
1325,81,PaymentMethod,2,F2,9,117,11.15,14.0,2,B2,C
1326,87,PaymentMethod,2,F2,15,117,11.15,14.0,2,B2,C
1327,94,PaymentMethod,2,F2,12,117,11.15,14.0,2,B2,C
1328,98,PaymentMethod,2,F2,12,117,11.15,14.0,2,B2,C
1329,99,PaymentMethod,2,F2,15,117,11.15,14.0,2,B2,C
1330,100,PaymentMethod,2,F2,10,117,11.15,14.0,2,B2,C
1331,110,PaymentMethod,2,F2,12,117,11.15,14.0,2,B2,C
1332,112,PaymentMethod,2,F2,12,117,11.15,14.0,2,B2,C
1333,114,PaymentMethod,2,F2,7,117,11.15,14.0,2,B2,C
1334,121,PaymentMethod,2,F2,12,117,11.15,14.0,2,B2,C
1335,2,PaperlessBilling,2,F2,10,15,10.91,17.0,1,C2,C
1336,4,PaperlessBilling,2,F2,12,15,10.91,17.0,1,C2,C
1337,8,PaperlessBilling,2,F2,9,15,10.91,17.0,1,C2,C
1338,10,PaperlessBilling,2,F2,3,15,10.91,17.0,1,C2,C
1339,11,PaperlessBilling,2,F2,8,15,10.91,17.0,1,C2,C
1340,15,PaperlessBilling,2,F2,11,15,10.91,17.0,1,C2,C
1341,17,PaperlessBilling,2,F2,7,15,10.91,17.0,1,C2,C
1342,21,PaperlessBilling,2,F2,9,15,10.91,17.0,1,C2,C
1343,23,PaperlessBilling,2,F2,11,15,10.91,17.0,1,C2,C
1344,33,PaperlessBilling,2,F2,7,15,10.91,17.0,1,C2,C
1345,36,PaperlessBilling,2,F2,10,15,10.91,17.0,1,C2,C
1346,39,PaperlessBilling,2,F2,8,15,10.91,17.0,1,C2,C
1347,44,PaperlessBilling,2,F2,12,15,10.91,17.0,1,C2,C
1348,50,PaperlessBilling,2,F2,5,15,10.91,17.0,1,C2,C
1349,54,PaperlessBilling,2,F2,10,15,10.91,17.0,1,C2,C
1350,56,PaperlessBilling,2,F2,15,15,10.91,17.0,1,C2,C
1351,62,PaperlessBilling,2,F2,12,15,10.91,17.0,1,C2,C
1352,64,PaperlessBilling,2,F2,6,15,10.91,17.0,1,C2,C
1353,71,PaperlessBilling,2,F2,14,15,10.91,17.0,1,C2,C
1354,75,PaperlessBilling,2,F2,12,15,10.91,17.0,1,C2,C
1355,81,PaperlessBilling,2,F2,9,15,10.91,17.0,1,C2,C
1356,87,PaperlessBilling,2,F2,15,15,10.91,17.0,1,C2,C
1357,98,PaperlessBilling,2,F2,6,15,10.91,17.0,1,C2,C
1358,99,PaperlessBilling,2,F2,14,15,10.91,17.0,1,C2,C
1359,102,PaperlessBilling,2,F2,6,15,10.91,17.0,1,C2,C
1360,103,PaperlessBilling,2,F2,12,15,10.91,17.0,1,C2,C
1361,120,PaperlessBilling,2,F2,11,15,10.91,17.0,1,C2,C
1362,11,Contract,2,F2,11,55659,9.21,8.0,12,B1,C
1363,15,Contract,2,F2,12,55659,9.21,8.0,12,B1,C
1364,16,Contract,2,F2,12,55659,9.21,8.0,12,B1,C
1365,29,Contract,2,F2,15,55659,9.21,8.0,12,B1,C
1366,31,Contract,2,F2,15,55659,9.21,8.0,12,B1,C
1367,32,Contract,2,F2,15,55659,9.21,8.0,12,B1,C
1368,33,Contract,2,F2,15,55659,9.21,8.0,12,B1,C
1369,44,Contract,2,F2,15,55659,9.21,8.0,12,B1,C
1370,46,Contract,2,F2,15,55659,9.21,8.0,12,B1,C
1371,48,Contract,2,F2,15,55659,9.21,8.0,12,B1,C
1372,49,Contract,2,F2,13,55659,9.21,8.0,12,B1,C
1373,51,Contract,2,F2,9,55659,9.21,8.0,12,B1,C
1374,54,Contract,2,F2,12,55659,9.21,8.0,12,B1,C
1375,55,Contract,2,F2,12,55659,9.21,8.0,12,B1,C
1376,59,Contract,2,F2,8,55659,9.21,8.0,12,B1,C
1377,63,Contract,2,F2,13,55659,9.21,8.0,12,B1,C
1378,64,Contract,2,F2,12,55659,9.21,8.0,12,B1,C
1379,68,Contract,2,F2,15,55659,9.21,8.0,12,B1,C
1380,72,Contract,2,F2,15,55659,9.21,8.0,12,B1,C
1381,75,Contract,2,F2,15,55659,9.21,8.0,12,B1,C
1382,78,Contract,2,F2,11,55659,9.21,8.0,12,B1,C
1383,79,Contract,2,F2,15,55659,9.21,8.0,12,B1,C
1384,91,Contract,2,F2,15,55659,9.21,8.0,12,B1,C
1385,92,Contract,2,F2,12,55659,9.21,8.0,12,B1,C
1386,96,Contract,2,F2,12,55659,9.21,8.0,12,B1,C
1387,103,Contract,2,F2,12,55659,9.21,8.0,12,B1,C
1388,112,Contract,2,F2,15,55659,9.21,8.0,12,B1,C
1389,114,Contract,2,F2,11,55659,9.21,8.0,12,B1,C
1390,117,Contract,2,F2,12,55659,9.21,8.0,12,B1,C
1391,121,Contract,2,F2,13,55659,9.21,8.0,12,B1,C
1392,8,StreamingMovies,2,F2,11,34,6.47,16.0,1,C2,C
1393,11,StreamingMovies,2,F2,13,34,6.47,16.0,1,C2,C
1394,15,StreamingMovies,2,F2,10,34,6.47,16.0,1,C2,C
1395,17,StreamingMovies,2,F2,10,34,6.47,16.0,1,C2,C
1396,19,StreamingMovies,2,F2,13,34,6.47,16.0,1,C2,C
1397,21,StreamingMovies,2,F2,10,34,6.47,16.0,1,C2,C
1398,24,StreamingMovies,2,F2,12,34,6.47,16.0,1,C2,C
1399,32,StreamingMovies,2,F2,12,34,6.47,16.0,1,C2,C
1400,36,StreamingMovies,2,F2,8,34,6.47,16.0,1,C2,C
1401,39,StreamingMovies,2,F2,9,34,6.47,16.0,1,C2,C
1402,43,StreamingMovies,2,F2,8,34,6.47,16.0,1,C2,C
1403,46,StreamingMovies,2,F2,12,34,6.47,16.0,1,C2,C
1404,51,StreamingMovies,2,F2,9,34,6.47,16.0,1,C2,C
1405,54,StreamingMovies,2,F2,12,34,6.47,16.0,1,C2,C
1406,56,StreamingMovies,2,F2,12,34,6.47,16.0,1,C2,C
1407,60,StreamingMovies,2,F2,13,34,6.47,16.0,1,C2,C
1408,68,StreamingMovies,2,F2,12,34,6.47,16.0,1,C2,C
1409,71,StreamingMovies,2,F2,11,34,6.47,16.0,1,C2,C
1410,72,StreamingMovies,2,F2,13,34,6.47,16.0,1,C2,C
1411,78,StreamingMovies,2,F2,6,34,6.47,16.0,1,C2,C
1412,92,StreamingMovies,2,F2,8,34,6.47,16.0,1,C2,C
1413,94,StreamingMovies,2,F2,9,34,6.47,16.0,1,C2,C
1414,96,StreamingMovies,2,F2,15,34,6.47,16.0,1,C2,C
1415,99,StreamingMovies,2,F2,12,34,6.47,16.0,1,C2,C
1416,102,StreamingMovies,2,F2,12,34,6.47,16.0,1,C2,C
1417,103,StreamingMovies,2,F2,12,34,6.47,16.0,1,C2,C
1418,110,StreamingMovies,2,F2,12,34,6.47,16.0,1,C2,C
1419,114,StreamingMovies,2,F2,11,34,6.47,16.0,1,C2,C
1420,115,StreamingMovies,2,F2,15,34,6.47,16.0,1,C2,C
1421,117,StreamingMovies,2,F2,10,34,6.47,16.0,1,C2,C
1422,120,StreamingMovies,2,F2,9,34,6.47,16.0,1,C2,C
1423,121,StreamingMovies,2,F2,11,34,6.47,16.0,1,C2,C
1424,2,StreamingTV,2,F2,10,21,6.47,12.0,1,C2,C
1425,10,StreamingTV,2,F2,12,21,6.47,12.0,1,C2,C
1426,11,StreamingTV,2,F2,13,21,6.47,12.0,1,C2,C
1427,15,StreamingTV,2,F2,12,21,6.47,12.0,1,C2,C
1428,17,StreamingTV,2,F2,10,21,6.47,12.0,1,C2,C
1429,19,StreamingTV,2,F2,11,21,6.47,12.0,1,C2,C
1430,21,StreamingTV,2,F2,13,21,6.47,12.0,1,C2,C
1431,23,StreamingTV,2,F2,15,21,6.47,12.0,1,C2,C
1432,31,StreamingTV,2,F2,9,21,6.47,12.0,1,C2,C
1433,33,StreamingTV,2,F2,5,21,6.47,12.0,1,C2,C
1434,43,StreamingTV,2,F2,12,21,6.47,12.0,1,C2,C
1435,44,StreamingTV,2,F2,13,21,6.47,12.0,1,C2,C
1436,49,StreamingTV,2,F2,9,21,6.47,12.0,1,C2,C
1437,50,StreamingTV,2,F2,12,21,6.47,12.0,1,C2,C
1438,55,StreamingTV,2,F2,10,21,6.47,12.0,1,C2,C
1439,56,StreamingTV,2,F2,12,21,6.47,12.0,1,C2,C
1440,59,StreamingTV,2,F2,9,21,6.47,12.0,1,C2,C
1441,60,StreamingTV,2,F2,13,21,6.47,12.0,1,C2,C
1442,62,StreamingTV,2,F2,13,21,6.47,12.0,1,C2,C
1443,63,StreamingTV,2,F2,6,21,6.47,12.0,1,C2,C
1444,64,StreamingTV,2,F2,6,21,6.47,12.0,1,C2,C
1445,65,StreamingTV,2,F2,12,21,6.47,12.0,1,C2,C
1446,68,StreamingTV,2,F2,12,21,6.47,12.0,1,C2,C
1447,71,StreamingTV,2,F2,12,21,6.47,12.0,1,C2,C
1448,79,StreamingTV,2,F2,15,21,6.47,12.0,1,C2,C
1449,81,StreamingTV,2,F2,9,21,6.47,12.0,1,C2,C
1450,87,StreamingTV,2,F2,14,21,6.47,12.0,1,C2,C
1451,96,StreamingTV,2,F2,12,21,6.47,12.0,1,C2,C
1452,98,StreamingTV,2,F2,12,21,6.47,12.0,1,C2,C
1453,100,StreamingTV,2,F2,12,21,6.47,12.0,1,C2,C
1454,114,StreamingTV,2,F2,12,21,6.47,12.0,1,C2,C
1455,115,StreamingTV,2,F2,15,21,6.47,12.0,1,C2,C
1456,10,TechSupport,2,F2,12,730,12.9,12.0,1,B1,C
1457,15,TechSupport,2,F2,12,730,12.9,12.0,1,B1,C
1458,19,TechSupport,2,F2,11,730,12.9,12.0,1,B1,C
1459,29,TechSupport,2,F2,15,730,12.9,12.0,1,B1,C
1460,31,TechSupport,2,F2,12,730,12.9,12.0,1,B1,C
1461,33,TechSupport,2,F2,8,730,12.9,12.0,1,B1,C
1462,39,TechSupport,2,F2,14,730,12.9,12.0,1,B1,C
1463,44,TechSupport,2,F2,11,730,12.9,12.0,1,B1,C
1464,46,TechSupport,2,F2,15,730,12.9,12.0,1,B1,C
1465,48,TechSupport,2,F2,15,730,12.9,12.0,1,B1,C
1466,49,TechSupport,2,F2,12,730,12.9,12.0,1,B1,C
1467,51,TechSupport,2,F2,11,730,12.9,12.0,1,B1,C
1468,54,TechSupport,2,F2,11,730,12.9,12.0,1,B1,C
1469,55,TechSupport,2,F2,12,730,12.9,12.0,1,B1,C
1470,62,TechSupport,2,F2,12,730,12.9,12.0,1,B1,C
1471,63,TechSupport,2,F2,7,730,12.9,12.0,1,B1,C
1472,75,TechSupport,2,F2,12,730,12.9,12.0,1,B1,C
1473,78,TechSupport,2,F2,11,730,12.9,12.0,1,B1,C
1474,81,TechSupport,2,F2,11,730,12.9,12.0,1,B1,C
1475,87,TechSupport,2,F2,15,730,12.9,12.0,1,B1,C
1476,91,TechSupport,2,F2,6,730,12.9,12.0,1,B1,C
1477,92,TechSupport,2,F2,10,730,12.9,12.0,1,B1,C
1478,94,TechSupport,2,F2,15,730,12.9,12.0,1,B1,C
1479,96,TechSupport,2,F2,7,730,12.9,12.0,1,B1,C
1480,98,TechSupport,2,F2,12,730,12.9,12.0,1,B1,C
1481,102,TechSupport,2,F2,14,730,12.9,12.0,1,B1,C
1482,103,TechSupport,2,F2,12,730,12.9,12.0,1,B1,C
1483,110,TechSupport,2,F2,10,730,12.9,12.0,1,B1,C
1484,112,TechSupport,2,F2,12,730,12.9,12.0,1,B1,C
1485,115,TechSupport,2,F2,15,730,12.9,12.0,1,B1,C
1486,117,TechSupport,2,F2,6,730,12.9,12.0,1,B1,C
1487,120,TechSupport,2,F2,10,730,12.9,12.0,1,B1,C
1488,121,TechSupport,2,F2,13,730,12.9,12.0,1,B1,C
1489,2,DeviceProtection,2,F2,9,1,8.33,17.0,5,B2,C
1490,4,DeviceProtection,2,F2,12,1,8.33,17.0,5,B2,C
1491,8,DeviceProtection,2,F2,10,1,8.33,17.0,5,B2,C
1492,16,DeviceProtection,2,F2,11,1,8.33,17.0,5,B2,C
1493,19,DeviceProtection,2,F2,12,1,8.33,17.0,5,B2,C
1494,23,DeviceProtection,2,F2,15,1,8.33,17.0,5,B2,C
1495,24,DeviceProtection,2,F2,12,1,8.33,17.0,5,B2,C
1496,29,DeviceProtection,2,F2,14,1,8.33,17.0,5,B2,C
1497,32,DeviceProtection,2,F2,12,1,8.33,17.0,5,B2,C
1498,36,DeviceProtection,2,F2,9,1,8.33,17.0,5,B2,C
1499,43,DeviceProtection,2,F2,9,1,8.33,17.0,5,B2,C
1500,44,DeviceProtection,2,F2,12,1,8.33,17.0,5,B2,C
1501,48,DeviceProtection,2,F2,15,1,8.33,17.0,5,B2,C
1502,55,DeviceProtection,2,F2,12,1,8.33,17.0,5,B2,C
1503,60,DeviceProtection,2,F2,13,1,8.33,17.0,5,B2,C
1504,64,DeviceProtection,2,F2,5,1,8.33,17.0,5,B2,C
1505,65,DeviceProtection,2,F2,11,1,8.33,17.0,5,B2,C
1506,72,DeviceProtection,2,F2,11,1,8.33,17.0,5,B2,C
1507,75,DeviceProtection,2,F2,12,1,8.33,17.0,5,B2,C
1508,79,DeviceProtection,2,F2,15,1,8.33,17.0,5,B2,C
1509,87,DeviceProtection,2,F2,15,1,8.33,17.0,5,B2,C
1510,91,DeviceProtection,2,F2,9,1,8.33,17.0,5,B2,C
1511,92,DeviceProtection,2,F2,11,1,8.33,17.0,5,B2,C
1512,94,DeviceProtection,2,F2,15,1,8.33,17.0,5,B2,C
1513,98,DeviceProtection,2,F2,9,1,8.33,17.0,5,B2,C
1514,99,DeviceProtection,2,F2,11,1,8.33,17.0,5,B2,C
1515,100,DeviceProtection,2,F2,12,1,8.33,17.0,5,B2,C
1516,103,DeviceProtection,2,F2,12,1,8.33,17.0,5,B2,C
1517,108,DeviceProtection,2,F2,13,1,8.33,17.0,5,B2,C
1518,8,OnlineBackup,2,F2,10,78,25.0,13.0,4,B2,C
1519,10,OnlineBackup,2,F2,9,78,25.0,13.0,4,B2,C
1520,11,OnlineBackup,2,F2,11,78,25.0,13.0,4,B2,C
1521,15,OnlineBackup,2,F2,11,78,25.0,13.0,4,B2,C
1522,16,OnlineBackup,2,F2,12,78,25.0,13.0,4,B2,C
1523,19,OnlineBackup,2,F2,12,78,25.0,13.0,4,B2,C
1524,21,OnlineBackup,2,F2,9,78,25.0,13.0,4,B2,C
1525,23,OnlineBackup,2,F2,13,78,25.0,13.0,4,B2,C
1526,24,OnlineBackup,2,F2,10,78,25.0,13.0,4,B2,C
1527,31,OnlineBackup,2,F2,12,78,25.0,13.0,4,B2,C
1528,32,OnlineBackup,2,F2,15,78,25.0,13.0,4,B2,C
1529,36,OnlineBackup,2,F2,9,78,25.0,13.0,4,B2,C
1530,39,OnlineBackup,2,F2,9,78,25.0,13.0,4,B2,C
1531,46,OnlineBackup,2,F2,12,78,25.0,13.0,4,B2,C
1532,51,OnlineBackup,2,F2,11,78,25.0,13.0,4,B2,C
1533,56,OnlineBackup,2,F2,10,78,25.0,13.0,4,B2,C
1534,60,OnlineBackup,2,F2,5,78,25.0,13.0,4,B2,C
1535,64,OnlineBackup,2,F2,7,78,25.0,13.0,4,B2,C
1536,65,OnlineBackup,2,F2,12,78,25.0,13.0,4,B2,C
1537,68,OnlineBackup,2,F2,12,78,25.0,13.0,4,B2,C
1538,72,OnlineBackup,2,F2,12,78,25.0,13.0,4,B2,C
1539,81,OnlineBackup,2,F2,9,78,25.0,13.0,4,B2,C
1540,87,OnlineBackup,2,F2,15,78,25.0,13.0,4,B2,C
1541,96,OnlineBackup,2,F2,12,78,25.0,13.0,4,B2,C
1542,100,OnlineBackup,2,F2,12,78,25.0,13.0,4,B2,C
1543,102,OnlineBackup,2,F2,13,78,25.0,13.0,4,B2,C
1544,103,OnlineBackup,2,F2,12,78,25.0,13.0,4,B2,C
1545,114,OnlineBackup,2,F2,9,78,25.0,13.0,4,B2,C
1546,120,OnlineBackup,2,F2,13,78,25.0,13.0,4,B2,C
1547,121,OnlineBackup,2,F2,12,78,25.0,13.0,4,B2,C
1548,4,OnlineSecurity,2,F2,12,58,25.0,15.0,4,B1,C
1549,8,OnlineSecurity,2,F2,10,58,25.0,15.0,4,B1,C
1550,19,OnlineSecurity,2,F2,12,58,25.0,15.0,4,B1,C
1551,21,OnlineSecurity,2,F2,10,58,25.0,15.0,4,B1,C
1552,24,OnlineSecurity,2,F2,12,58,25.0,15.0,4,B1,C
1553,31,OnlineSecurity,2,F2,10,58,25.0,15.0,4,B1,C
1554,36,OnlineSecurity,2,F2,10,58,25.0,15.0,4,B1,C
1555,48,OnlineSecurity,2,F2,15,58,25.0,15.0,4,B1,C
1556,49,OnlineSecurity,2,F2,10,58,25.0,15.0,4,B1,C
1557,54,OnlineSecurity,2,F2,6,58,25.0,15.0,4,B1,C
1558,56,OnlineSecurity,2,F2,15,58,25.0,15.0,4,B1,C
1559,59,OnlineSecurity,2,F2,8,58,25.0,15.0,4,B1,C
1560,62,OnlineSecurity,2,F2,11,58,25.0,15.0,4,B1,C
1561,63,OnlineSecurity,2,F2,9,58,25.0,15.0,4,B1,C
1562,64,OnlineSecurity,2,F2,11,58,25.0,15.0,4,B1,C
1563,72,OnlineSecurity,2,F2,11,58,25.0,15.0,4,B1,C
1564,75,OnlineSecurity,2,F2,10,58,25.0,15.0,4,B1,C
1565,79,OnlineSecurity,2,F2,15,58,25.0,15.0,4,B1,C
1566,92,OnlineSecurity,2,F2,8,58,25.0,15.0,4,B1,C
1567,96,OnlineSecurity,2,F2,12,58,25.0,15.0,4,B1,C
1568,99,OnlineSecurity,2,F2,13,58,25.0,15.0,4,B1,C
1569,100,OnlineSecurity,2,F2,12,58,25.0,15.0,4,B1,C
1570,102,OnlineSecurity,2,F2,4,58,25.0,15.0,4,B1,C
1571,108,OnlineSecurity,2,F2,13,58,25.0,15.0,4,B1,C
1572,110,OnlineSecurity,2,F2,9,58,25.0,15.0,4,B1,C
1573,112,OnlineSecurity,2,F2,13,58,25.0,15.0,4,B1,C
1574,115,OnlineSecurity,2,F2,15,58,25.0,15.0,4,B1,C
1575,117,OnlineSecurity,2,F2,10,58,25.0,15.0,4,B1,C
1576,2,InternetService,2,F2,9,1322,12.33,16.0,1,B1,C
1577,8,InternetService,2,F2,10,1322,12.33,16.0,1,B1,C
1578,10,InternetService,2,F2,6,1322,12.33,16.0,1,B1,C
1579,16,InternetService,2,F2,12,1322,12.33,16.0,1,B1,C
1580,17,InternetService,2,F2,10,1322,12.33,16.0,1,B1,C
1581,23,InternetService,2,F2,12,1322,12.33,16.0,1,B1,C
1582,29,InternetService,2,F2,15,1322,12.33,16.0,1,B1,C
1583,32,InternetService,2,F2,13,1322,12.33,16.0,1,B1,C
1584,36,InternetService,2,F2,8,1322,12.33,16.0,1,B1,C
1585,43,InternetService,2,F2,15,1322,12.33,16.0,1,B1,C
1586,49,InternetService,2,F2,12,1322,12.33,16.0,1,B1,C
1587,50,InternetService,2,F2,12,1322,12.33,16.0,1,B1,C
1588,51,InternetService,2,F2,9,1322,12.33,16.0,1,B1,C
1589,54,InternetService,2,F2,11,1322,12.33,16.0,1,B1,C
1590,55,InternetService,2,F2,6,1322,12.33,16.0,1,B1,C
1591,56,InternetService,2,F2,15,1322,12.33,16.0,1,B1,C
1592,59,InternetService,2,F2,7,1322,12.33,16.0,1,B1,C
1593,62,InternetService,2,F2,9,1322,12.33,16.0,1,B1,C
1594,63,InternetService,2,F2,9,1322,12.33,16.0,1,B1,C
1595,65,InternetService,2,F2,12,1322,12.33,16.0,1,B1,C
1596,75,InternetService,2,F2,12,1322,12.33,16.0,1,B1,C
1597,79,InternetService,2,F2,15,1322,12.33,16.0,1,B1,C
1598,81,InternetService,2,F2,9,1322,12.33,16.0,1,B1,C
1599,87,InternetService,2,F2,15,1322,12.33,16.0,1,B1,C
1600,91,InternetService,2,F2,9,1322,12.33,16.0,1,B1,C
1601,92,InternetService,2,F2,14,1322,12.33,16.0,1,B1,C
1602,98,InternetService,2,F2,12,1322,12.33,16.0,1,B1,C
1603,99,InternetService,2,F2,15,1322,12.33,16.0,1,B1,C
1604,108,InternetService,2,F2,13,1322,12.33,16.0,1,B1,C
1605,110,InternetService,2,F2,12,1322,12.33,16.0,1,B1,C
1606,115,InternetService,2,F2,6,1322,12.33,16.0,1,B1,C
1607,120,InternetService,2,F2,10,1322,12.33,16.0,1,B1,C
1608,2,MultipleLines,2,F2,8,138,7.79,14.0,2,C1,C
1609,19,MultipleLines,2,F2,12,138,7.79,14.0,2,C1,C
1610,21,MultipleLines,2,F2,6,138,7.79,14.0,2,C1,C
1611,29,MultipleLines,2,F2,11,138,7.79,14.0,2,C1,C
1612,31,MultipleLines,2,F2,9,138,7.79,14.0,2,C1,C
1613,36,MultipleLines,2,F2,9,138,7.79,14.0,2,C1,C
1614,39,MultipleLines,2,F2,8,138,7.79,14.0,2,C1,C
1615,43,MultipleLines,2,F2,6,138,7.79,14.0,2,C1,C
1616,44,MultipleLines,2,F2,11,138,7.79,14.0,2,C1,C
1617,46,MultipleLines,2,F2,15,138,7.79,14.0,2,C1,C
1618,50,MultipleLines,2,F2,5,138,7.79,14.0,2,C1,C
1619,51,MultipleLines,2,F2,11,138,7.79,14.0,2,C1,C
1620,54,MultipleLines,2,F2,13,138,7.79,14.0,2,C1,C
1621,60,MultipleLines,2,F2,12,138,7.79,14.0,2,C1,C
1622,62,MultipleLines,2,F2,11,138,7.79,14.0,2,C1,C
1623,64,MultipleLines,2,F2,12,138,7.79,14.0,2,C1,C
1624,65,MultipleLines,2,F2,10,138,7.79,14.0,2,C1,C
1625,68,MultipleLines,2,F2,12,138,7.79,14.0,2,C1,C
1626,71,MultipleLines,2,F2,12,138,7.79,14.0,2,C1,C
1627,78,MultipleLines,2,F2,12,138,7.79,14.0,2,C1,C
1628,92,MultipleLines,2,F2,10,138,7.79,14.0,2,C1,C
1629,99,MultipleLines,2,F2,11,138,7.79,14.0,2,C1,C
1630,102,MultipleLines,2,F2,14,138,7.79,14.0,2,C1,C
1631,103,MultipleLines,2,F2,12,138,7.79,14.0,2,C1,C
1632,108,MultipleLines,2,F2,11,138,7.79,14.0,2,C1,C
1633,110,MultipleLines,2,F2,11,138,7.79,14.0,2,C1,C
1634,112,MultipleLines,2,F2,5,138,7.79,14.0,2,C1,C
1635,115,MultipleLines,2,F2,15,138,7.79,14.0,2,C1,C
1636,117,MultipleLines,2,F2,12,138,7.79,14.0,2,C1,C
1637,121,MultipleLines,2,F2,5,138,7.79,14.0,2,C1,C
1638,4,PhoneService,2,F2,11,964,8.0,13.0,4,B1,C
1639,10,PhoneService,2,F2,8,964,8.0,13.0,4,B1,C
1640,19,PhoneService,2,F2,13,964,8.0,13.0,4,B1,C
1641,33,PhoneService,2,F2,13,964,8.0,13.0,4,B1,C
1642,39,PhoneService,2,F2,12,964,8.0,13.0,4,B1,C
1643,49,PhoneService,2,F2,12,964,8.0,13.0,4,B1,C
1644,50,PhoneService,2,F2,8,964,8.0,13.0,4,B1,C
1645,54,PhoneService,2,F2,15,964,8.0,13.0,4,B1,C
1646,55,PhoneService,2,F2,11,964,8.0,13.0,4,B1,C
1647,60,PhoneService,2,F2,13,964,8.0,13.0,4,B1,C
1648,63,PhoneService,2,F2,9,964,8.0,13.0,4,B1,C
1649,65,PhoneService,2,F2,12,964,8.0,13.0,4,B1,C
1650,68,PhoneService,2,F2,12,964,8.0,13.0,4,B1,C
1651,71,PhoneService,2,F2,9,964,8.0,13.0,4,B1,C
1652,75,PhoneService,2,F2,13,964,8.0,13.0,4,B1,C
1653,81,PhoneService,2,F2,12,964,8.0,13.0,4,B1,C
1654,91,PhoneService,2,F2,12,964,8.0,13.0,4,B1,C
1655,94,PhoneService,2,F2,14,964,8.0,13.0,4,B1,C
1656,98,PhoneService,2,F2,12,964,8.0,13.0,4,B1,C
1657,102,PhoneService,2,F2,3,964,8.0,13.0,4,B1,C
1658,103,PhoneService,2,F2,11,964,8.0,13.0,4,B1,C
1659,108,PhoneService,2,F2,11,964,8.0,13.0,4,B1,C
1660,110,PhoneService,2,F2,12,964,8.0,13.0,4,B1,C
1661,112,PhoneService,2,F2,13,964,8.0,13.0,4,B1,C
1662,114,PhoneService,2,F2,10,964,8.0,13.0,4,B1,C
1663,117,PhoneService,2,F2,15,964,8.0,13.0,4,B1,C
1664,120,PhoneService,2,F2,11,964,8.0,13.0,4,B1,C
1665,2,Dependents,2,F2,9,1361,9.32,10.0,7,B2,C
1666,4,Dependents,2,F2,12,1361,9.32,10.0,7,B2,C
1667,8,Dependents,2,F2,11,1361,9.32,10.0,7,B2,C
1668,15,Dependents,2,F2,12,1361,9.32,10.0,7,B2,C
1669,16,Dependents,2,F2,7,1361,9.32,10.0,7,B2,C
1670,17,Dependents,2,F2,7,1361,9.32,10.0,7,B2,C
1671,21,Dependents,2,F2,8,1361,9.32,10.0,7,B2,C
1672,23,Dependents,2,F2,10,1361,9.32,10.0,7,B2,C
1673,24,Dependents,2,F2,9,1361,9.32,10.0,7,B2,C
1674,29,Dependents,2,F2,4,1361,9.32,10.0,7,B2,C
1675,32,Dependents,2,F2,9,1361,9.32,10.0,7,B2,C
1676,33,Dependents,2,F2,11,1361,9.32,10.0,7,B2,C
1677,39,Dependents,2,F2,11,1361,9.32,10.0,7,B2,C
1678,43,Dependents,2,F2,8,1361,9.32,10.0,7,B2,C
1679,44,Dependents,2,F2,9,1361,9.32,10.0,7,B2,C
1680,46,Dependents,2,F2,15,1361,9.32,10.0,7,B2,C
1681,48,Dependents,2,F2,4,1361,9.32,10.0,7,B2,C
1682,49,Dependents,2,F2,7,1361,9.32,10.0,7,B2,C
1683,50,Dependents,2,F2,11,1361,9.32,10.0,7,B2,C
1684,54,Dependents,2,F2,4,1361,9.32,10.0,7,B2,C
1685,56,Dependents,2,F2,12,1361,9.32,10.0,7,B2,C
1686,59,Dependents,2,F2,11,1361,9.32,10.0,7,B2,C
1687,60,Dependents,2,F2,13,1361,9.32,10.0,7,B2,C
1688,62,Dependents,2,F2,9,1361,9.32,10.0,7,B2,C
1689,64,Dependents,2,F2,9,1361,9.32,10.0,7,B2,C
1690,68,Dependents,2,F2,9,1361,9.32,10.0,7,B2,C
1691,71,Dependents,2,F2,12,1361,9.32,10.0,7,B2,C
1692,72,Dependents,2,F2,12,1361,9.32,10.0,7,B2,C
1693,78,Dependents,2,F2,10,1361,9.32,10.0,7,B2,C
1694,91,Dependents,2,F2,13,1361,9.32,10.0,7,B2,C
1695,94,Dependents,2,F2,15,1361,9.32,10.0,7,B2,C
1696,96,Dependents,2,F2,6,1361,9.32,10.0,7,B2,C
1697,102,Dependents,2,F2,12,1361,9.32,10.0,7,B2,C
1698,108,Dependents,2,F2,12,1361,9.32,10.0,7,B2,C
1699,115,Dependents,2,F2,14,1361,9.32,10.0,7,B2,C
1700,117,Dependents,2,F2,4,1361,9.32,10.0,7,B2,C
1701,121,Dependents,2,F2,12,1361,9.32,10.0,7,B2,C
1702,2,Partner,2,F2,9,56916,5.85,7.0,5,B1,C
1703,4,Partner,2,F2,12,56916,5.85,7.0,5,B1,C
1704,10,Partner,2,F2,9,56916,5.85,7.0,5,B1,C
1705,11,Partner,2,F2,13,56916,5.85,7.0,5,B1,C
1706,15,Partner,2,F2,12,56916,5.85,7.0,5,B1,C
1707,16,Partner,2,F2,12,56916,5.85,7.0,5,B1,C
1708,17,Partner,2,F2,6,56916,5.85,7.0,5,B1,C
1709,23,Partner,2,F2,13,56916,5.85,7.0,5,B1,C
1710,24,Partner,2,F2,9,56916,5.85,7.0,5,B1,C
1711,31,Partner,2,F2,7,56916,5.85,7.0,5,B1,C
1712,32,Partner,2,F2,7,56916,5.85,7.0,5,B1,C
1713,33,Partner,2,F2,13,56916,5.85,7.0,5,B1,C
1714,36,Partner,2,F2,9,56916,5.85,7.0,5,B1,C
1715,39,Partner,2,F2,11,56916,5.85,7.0,5,B1,C
1716,43,Partner,2,F2,6,56916,5.85,7.0,5,B1,C
1717,46,Partner,2,F2,3,56916,5.85,7.0,5,B1,C
1718,55,Partner,2,F2,6,56916,5.85,7.0,5,B1,C
1719,56,Partner,2,F2,7,56916,5.85,7.0,5,B1,C
1720,59,Partner,2,F2,11,56916,5.85,7.0,5,B1,C
1721,62,Partner,2,F2,10,56916,5.85,7.0,5,B1,C
1722,64,Partner,2,F2,6,56916,5.85,7.0,5,B1,C
1723,68,Partner,2,F2,9,56916,5.85,7.0,5,B1,C
1724,75,Partner,2,F2,7,56916,5.85,7.0,5,B1,C
1725,78,Partner,2,F2,6,56916,5.85,7.0,5,B1,C
1726,79,Partner,2,F2,15,56916,5.85,7.0,5,B1,C
1727,96,Partner,2,F2,6,56916,5.85,7.0,5,B1,C
1728,98,Partner,2,F2,6,56916,5.85,7.0,5,B1,C
1729,99,Partner,2,F2,12,56916,5.85,7.0,5,B1,C
1730,100,Partner,2,F2,8,56916,5.85,7.0,5,B1,C
1731,102,Partner,2,F2,12,56916,5.85,7.0,5,B1,C
1732,103,Partner,2,F2,12,56916,5.85,7.0,5,B1,C
1733,112,Partner,2,F2,7,56916,5.85,7.0,5,B1,C
1734,115,Partner,2,F2,13,56916,5.85,7.0,5,B1,C
1735,120,Partner,2,F2,12,56916,5.85,7.0,5,B1,C
1736,2,SeniorCitizen,2,F2,9,777,8.26,14.0,1,B2,C
1737,4,SeniorCitizen,2,F2,12,777,8.26,14.0,1,B2,C
1738,11,SeniorCitizen,2,F2,12,777,8.26,14.0,1,B2,C
1739,19,SeniorCitizen,2,F2,13,777,8.26,14.0,1,B2,C
1740,21,SeniorCitizen,2,F2,12,777,8.26,14.0,1,B2,C
1741,23,SeniorCitizen,2,F2,14,777,8.26,14.0,1,B2,C
1742,29,SeniorCitizen,2,F2,3,777,8.26,14.0,1,B2,C
1743,32,SeniorCitizen,2,F2,4,777,8.26,14.0,1,B2,C
1744,43,SeniorCitizen,2,F2,7,777,8.26,14.0,1,B2,C
1745,44,SeniorCitizen,2,F2,6,777,8.26,14.0,1,B2,C
1746,46,SeniorCitizen,2,F2,15,777,8.26,14.0,1,B2,C
1747,48,SeniorCitizen,2,F2,15,777,8.26,14.0,1,B2,C
1748,51,SeniorCitizen,2,F2,8,777,8.26,14.0,1,B2,C
1749,59,SeniorCitizen,2,F2,8,777,8.26,14.0,1,B2,C
1750,60,SeniorCitizen,2,F2,13,777,8.26,14.0,1,B2,C
1751,63,SeniorCitizen,2,F2,9,777,8.26,14.0,1,B2,C
1752,72,SeniorCitizen,2,F2,9,777,8.26,14.0,1,B2,C
1753,75,SeniorCitizen,2,F2,7,777,8.26,14.0,1,B2,C
1754,78,SeniorCitizen,2,F2,10,777,8.26,14.0,1,B2,C
1755,79,SeniorCitizen,2,F2,15,777,8.26,14.0,1,B2,C
1756,81,SeniorCitizen,2,F2,12,777,8.26,14.0,1,B2,C
1757,87,SeniorCitizen,2,F2,9,777,8.26,14.0,1,B2,C
1758,91,SeniorCitizen,2,F2,12,777,8.26,14.0,1,B2,C
1759,92,SeniorCitizen,2,F2,11,777,8.26,14.0,1,B2,C
1760,98,SeniorCitizen,2,F2,6,777,8.26,14.0,1,B2,C
1761,99,SeniorCitizen,2,F2,12,777,8.26,14.0,1,B2,C
1762,100,SeniorCitizen,2,F2,6,777,8.26,14.0,1,B2,C
1763,102,SeniorCitizen,2,F2,5,777,8.26,14.0,1,B2,C
1764,108,SeniorCitizen,2,F2,12,777,8.26,14.0,1,B2,C
1765,110,SeniorCitizen,2,F2,14,777,8.26,14.0,1,B2,C
1766,114,SeniorCitizen,2,F2,8,777,8.26,14.0,1,B2,C
1767,115,SeniorCitizen,2,F2,10,777,8.26,14.0,1,B2,C
1768,117,SeniorCitizen,2,F2,3,777,8.26,14.0,1,B2,C
1769,120,SeniorCitizen,2,F2,6,777,8.26,14.0,1,B2,C
1770,2,gender,2,F2,9,45914,7.0,6.0,2,B2,C
1771,4,gender,2,F2,12,45914,7.0,6.0,2,B2,C
1772,10,gender,2,F2,3,45914,7.0,6.0,2,B2,C
1773,16,gender,2,F2,12,45914,7.0,6.0,2,B2,C
1774,17,gender,2,F2,6,45914,7.0,6.0,2,B2,C
1775,21,gender,2,F2,13,45914,7.0,6.0,2,B2,C
1776,24,gender,2,F2,9,45914,7.0,6.0,2,B2,C
1777,32,gender,2,F2,10,45914,7.0,6.0,2,B2,C
1778,39,gender,2,F2,7,45914,7.0,6.0,2,B2,C
1779,43,gender,2,F2,5,45914,7.0,6.0,2,B2,C
1780,46,gender,2,F2,12,45914,7.0,6.0,2,B2,C
1781,48,gender,2,F2,3,45914,7.0,6.0,2,B2,C
1782,49,gender,2,F2,4,45914,7.0,6.0,2,B2,C
1783,50,gender,2,F2,12,45914,7.0,6.0,2,B2,C
1784,55,gender,2,F2,6,45914,7.0,6.0,2,B2,C
1785,56,gender,2,F2,6,45914,7.0,6.0,2,B2,C
1786,62,gender,2,F2,10,45914,7.0,6.0,2,B2,C
1787,91,gender,2,F2,3,45914,7.0,6.0,2,B2,C
1788,92,gender,2,F2,10,45914,7.0,6.0,2,B2,C
1789,94,gender,2,F2,4,45914,7.0,6.0,2,B2,C
1790,100,gender,2,F2,6,45914,7.0,6.0,2,B2,C
1791,108,gender,2,F2,13,45914,7.0,6.0,2,B2,C
1792,112,gender,2,F2,6,45914,7.0,6.0,2,B2,C
1793,114,gender,2,F2,5,45914,7.0,6.0,2,B2,C
1794,2,TotalCharges,2,F2,14,31,7.5,13.0,7,B1,N
1795,8,TotalCharges,2,F2,16,31,7.5,13.0,7,B1,N
1796,10,TotalCharges,2,F2,20,31,7.5,13.0,7,B1,N
1797,11,TotalCharges,2,F2,20,31,7.5,13.0,7,B1,N
1798,17,TotalCharges,2,F2,16,31,7.5,13.0,7,B1,N
1799,23,TotalCharges,2,F2,15,31,7.5,13.0,7,B1,N
1800,29,TotalCharges,2,F2,19,31,7.5,13.0,7,B1,N
1801,31,TotalCharges,2,F2,17,31,7.5,13.0,7,B1,N
1802,32,TotalCharges,2,F2,18,31,7.5,13.0,7,B1,N
1803,33,TotalCharges,2,F2,9,31,7.5,13.0,7,B1,N
1804,39,TotalCharges,2,F2,16,31,7.5,13.0,7,B1,N
1805,44,TotalCharges,2,F2,17,31,7.5,13.0,7,B1,N
1806,48,TotalCharges,2,F2,19,31,7.5,13.0,7,B1,N
1807,49,TotalCharges,2,F2,16,31,7.5,13.0,7,B1,N
1808,59,TotalCharges,2,F2,13,31,7.5,13.0,7,B1,N
1809,60,TotalCharges,2,F2,18,31,7.5,13.0,7,B1,N
1810,63,TotalCharges,2,F2,14,31,7.5,13.0,7,B1,N
1811,65,TotalCharges,2,F2,11,31,7.5,13.0,7,B1,N
1812,71,TotalCharges,2,F2,17,31,7.5,13.0,7,B1,N
1813,72,TotalCharges,2,F2,20,31,7.5,13.0,7,B1,N
1814,78,TotalCharges,2,F2,19,31,7.5,13.0,7,B1,N
1815,79,TotalCharges,2,F2,20,31,7.5,13.0,7,B1,N
1816,87,TotalCharges,2,F2,17,31,7.5,13.0,7,B1,N
1817,92,TotalCharges,2,F2,19,31,7.5,13.0,7,B1,N
1818,94,TotalCharges,2,F2,18,31,7.5,13.0,7,B1,N
1819,98,TotalCharges,2,F2,16,31,7.5,13.0,7,B1,N
1820,99,TotalCharges,2,F2,15,31,7.5,13.0,7,B1,N
1821,100,TotalCharges,2,F2,16,31,7.5,13.0,7,B1,N
1822,108,TotalCharges,2,F2,16,31,7.5,13.0,7,B1,N
1823,110,TotalCharges,2,F2,14,31,7.5,13.0,7,B1,N
1824,112,TotalCharges,2,F2,20,31,7.5,13.0,7,B1,N
1825,114,TotalCharges,2,F2,11,31,7.5,13.0,7,B1,N
1826,120,TotalCharges,2,F2,10,31,7.5,13.0,7,B1,N
1827,121,TotalCharges,2,F2,20,31,7.5,13.0,7,B1,N
1828,4,MonthlyCharges,2,F2,16,41,7.95,15.0,3,B1,N
1829,8,MonthlyCharges,2,F2,14,41,7.95,15.0,3,B1,N
1830,10,MonthlyCharges,2,F2,8,41,7.95,15.0,3,B1,N
1831,15,MonthlyCharges,2,F2,14,41,7.95,15.0,3,B1,N
1832,16,MonthlyCharges,2,F2,13,41,7.95,15.0,3,B1,N
1833,17,MonthlyCharges,2,F2,16,41,7.95,15.0,3,B1,N
1834,23,MonthlyCharges,2,F2,17,41,7.95,15.0,3,B1,N
1835,29,MonthlyCharges,2,F2,20,41,7.95,15.0,3,B1,N
1836,43,MonthlyCharges,2,F2,17,41,7.95,15.0,3,B1,N
1837,44,MonthlyCharges,2,F2,17,41,7.95,15.0,3,B1,N
1838,50,MonthlyCharges,2,F2,19,41,7.95,15.0,3,B1,N
1839,51,MonthlyCharges,2,F2,12,41,7.95,15.0,3,B1,N
1840,59,MonthlyCharges,2,F2,15,41,7.95,15.0,3,B1,N
1841,63,MonthlyCharges,2,F2,20,41,7.95,15.0,3,B1,N
1842,65,MonthlyCharges,2,F2,14,41,7.95,15.0,3,B1,N
1843,68,MonthlyCharges,2,F2,20,41,7.95,15.0,3,B1,N
1844,71,MonthlyCharges,2,F2,19,41,7.95,15.0,3,B1,N
1845,72,MonthlyCharges,2,F2,13,41,7.95,15.0,3,B1,N
1846,75,MonthlyCharges,2,F2,16,41,7.95,15.0,3,B1,N
1847,78,MonthlyCharges,2,F2,20,41,7.95,15.0,3,B1,N
1848,79,MonthlyCharges,2,F2,20,41,7.95,15.0,3,B1,N
1849,81,MonthlyCharges,2,F2,20,41,7.95,15.0,3,B1,N
1850,87,MonthlyCharges,2,F2,17,41,7.95,15.0,3,B1,N
1851,91,MonthlyCharges,2,F2,20,41,7.95,15.0,3,B1,N
1852,94,MonthlyCharges,2,F2,18,41,7.95,15.0,3,B1,N
1853,96,MonthlyCharges,2,F2,20,41,7.95,15.0,3,B1,N
1854,100,MonthlyCharges,2,F2,17,41,7.95,15.0,3,B1,N
1855,108,MonthlyCharges,2,F2,16,41,7.95,15.0,3,B1,N
1856,110,MonthlyCharges,2,F2,18,41,7.95,15.0,3,B1,N
1857,117,MonthlyCharges,2,F2,17,41,7.95,15.0,3,B1,N
1858,120,MonthlyCharges,2,F2,17,41,7.95,15.0,3,B1,N
1859,121,MonthlyCharges,2,F2,18,41,7.95,15.0,3,B1,N
1860,8,tenure,2,F2,14,10558,15.79,6.0,3,C2,N
1861,11,tenure,2,F2,20,10558,15.79,6.0,3,C2,N
1862,15,tenure,2,F2,14,10558,15.79,6.0,3,C2,N
1863,16,tenure,2,F2,10,10558,15.79,6.0,3,C2,N
1864,17,tenure,2,F2,14,10558,15.79,6.0,3,C2,N
1865,19,tenure,2,F2,15,10558,15.79,6.0,3,C2,N
1866,21,tenure,2,F2,11,10558,15.79,6.0,3,C2,N
1867,24,tenure,2,F2,12,10558,15.79,6.0,3,C2,N
1868,29,tenure,2,F2,12,10558,15.79,6.0,3,C2,N
1869,31,tenure,2,F2,20,10558,15.79,6.0,3,C2,N
1870,33,tenure,2,F2,8,10558,15.79,6.0,3,C2,N
1871,36,tenure,2,F2,13,10558,15.79,6.0,3,C2,N
1872,48,tenure,2,F2,13,10558,15.79,6.0,3,C2,N
1873,50,tenure,2,F2,19,10558,15.79,6.0,3,C2,N
1874,51,tenure,2,F2,12,10558,15.79,6.0,3,C2,N
1875,54,tenure,2,F2,11,10558,15.79,6.0,3,C2,N
1876,55,tenure,2,F2,5,10558,15.79,6.0,3,C2,N
1877,59,tenure,2,F2,14,10558,15.79,6.0,3,C2,N
1878,62,tenure,2,F2,13,10558,15.79,6.0,3,C2,N
1879,65,tenure,2,F2,12,10558,15.79,6.0,3,C2,N
1880,68,tenure,2,F2,20,10558,15.79,6.0,3,C2,N
1881,71,tenure,2,F2,18,10558,15.79,6.0,3,C2,N
1882,79,tenure,2,F2,20,10558,15.79,6.0,3,C2,N
1883,81,tenure,2,F2,17,10558,15.79,6.0,3,C2,N
1884,91,tenure,2,F2,20,10558,15.79,6.0,3,C2,N
1885,94,tenure,2,F2,13,10558,15.79,6.0,3,C2,N
1886,96,tenure,2,F2,17,10558,15.79,6.0,3,C2,N
1887,103,tenure,2,F2,15,10558,15.79,6.0,3,C2,N
1888,112,tenure,2,F2,9,10558,15.79,6.0,3,C2,N
1889,114,tenure,2,F2,11,10558,15.79,6.0,3,C2,N
1890,115,tenure,2,F2,13,10558,15.79,6.0,3,C2,N
1891,117,tenure,2,F2,5,10558,15.79,6.0,3,C2,N
1892,121,tenure,2,F2,12,10558,15.79,6.0,3,C2,N
1893,3,tartar,1,F2,10,754,9.94,6.0,2,C2,C
1894,5,tartar,1,F2,15,754,9.94,6.0,2,C2,C
1895,6,tartar,1,F2,15,754,9.94,6.0,2,C2,C
1896,7,tartar,1,F2,12,754,9.94,6.0,2,C2,C
1897,9,tartar,1,F2,12,754,9.94,6.0,2,C2,C
1898,12,tartar,1,F2,9,754,9.94,6.0,2,C2,C
1899,13,tartar,1,F2,12,754,9.94,6.0,2,C2,C
1900,14,tartar,1,F2,15,754,9.94,6.0,2,C2,C
1901,18,tartar,1,F2,12,754,9.94,6.0,2,C2,C
1902,20,tartar,1,F2,9,754,9.94,6.0,2,C2,C
1903,34,tartar,1,F2,9,754,9.94,6.0,2,C2,C
1904,37,tartar,1,F2,14,754,9.94,6.0,2,C2,C
1905,38,tartar,1,F2,12,754,9.94,6.0,2,C2,C
1906,40,tartar,1,F2,12,754,9.94,6.0,2,C2,C
1907,42,tartar,1,F2,12,754,9.94,6.0,2,C2,C
1908,45,tartar,1,F2,6,754,9.94,6.0,2,C2,C
1909,53,tartar,1,F2,8,754,9.94,6.0,2,C2,C
1910,57,tartar,1,F2,12,754,9.94,6.0,2,C2,C
1911,66,tartar,1,F2,6,754,9.94,6.0,2,C2,C
1912,73,tartar,1,F2,12,754,9.94,6.0,2,C2,C
1913,74,tartar,1,F2,13,754,9.94,6.0,2,C2,C
1914,76,tartar,1,F2,5,754,9.94,6.0,2,C2,C
1915,80,tartar,1,F2,12,754,9.94,6.0,2,C2,C
1916,86,tartar,1,F2,7,754,9.94,6.0,2,C2,C
1917,89,tartar,1,F2,13,754,9.94,6.0,2,C2,C
1918,90,tartar,1,F2,15,754,9.94,6.0,2,C2,C
1919,101,tartar,1,F2,9,754,9.94,6.0,2,C2,C
1920,107,tartar,1,F2,11,754,9.94,6.0,2,C2,C
1921,111,tartar,1,F2,12,754,9.94,6.0,2,C2,C
1922,116,tartar,1,F2,12,754,9.94,6.0,2,C2,C
1923,119,tartar,1,F2,6,754,9.94,6.0,2,C2,C
1924,6,dental caries,1,F2,15,64,25.0,13.0,1,C2,C
1925,7,dental caries,1,F2,12,64,25.0,13.0,1,C2,C
1926,9,dental caries,1,F2,9,64,25.0,13.0,1,C2,C
1927,14,dental caries,1,F2,10,64,25.0,13.0,1,C2,C
1928,18,dental caries,1,F2,12,64,25.0,13.0,1,C2,C
1929,25,dental caries,1,F2,13,64,25.0,13.0,1,C2,C
1930,26,dental caries,1,F2,9,64,25.0,13.0,1,C2,C
1931,28,dental caries,1,F2,9,64,25.0,13.0,1,C2,C
1932,34,dental caries,1,F2,11,64,25.0,13.0,1,C2,C
1933,35,dental caries,1,F2,7,64,25.0,13.0,1,C2,C
1934,37,dental caries,1,F2,7,64,25.0,13.0,1,C2,C
1935,38,dental caries,1,F2,6,64,25.0,13.0,1,C2,C
1936,40,dental caries,1,F2,9,64,25.0,13.0,1,C2,C
1937,41,dental caries,1,F2,14,64,25.0,13.0,1,C2,C
1938,45,dental caries,1,F2,7,64,25.0,13.0,1,C2,C
1939,47,dental caries,1,F2,14,64,25.0,13.0,1,C2,C
1940,61,dental caries,1,F2,3,64,25.0,13.0,1,C2,C
1941,66,dental caries,1,F2,7,64,25.0,13.0,1,C2,C
1942,70,dental caries,1,F2,12,64,25.0,13.0,1,C2,C
1943,73,dental caries,1,F2,6,64,25.0,13.0,1,C2,C
1944,74,dental caries,1,F2,5,64,25.0,13.0,1,C2,C
1945,77,dental caries,1,F2,9,64,25.0,13.0,1,C2,C
1946,80,dental caries,1,F2,12,64,25.0,13.0,1,C2,C
1947,84,dental caries,1,F2,9,64,25.0,13.0,1,C2,C
1948,88,dental caries,1,F2,14,64,25.0,13.0,1,C2,C
1949,93,dental caries,1,F2,12,64,25.0,13.0,1,C2,C
1950,95,dental caries,1,F2,6,64,25.0,13.0,1,C2,C
1951,101,dental caries,1,F2,6,64,25.0,13.0,1,C2,C
1952,104,dental caries,1,F2,13,64,25.0,13.0,1,C2,C
1953,105,dental caries,1,F2,12,64,25.0,13.0,1,C2,C
1954,107,dental caries,1,F2,7,64,25.0,13.0,1,C2,C
1955,109,dental caries,1,F2,7,64,25.0,13.0,1,C2,C
1956,116,dental caries,1,F2,12,64,25.0,13.0,1,C2,C
1957,118,dental caries,1,F2,9,64,25.0,13.0,1,C2,C
1958,119,dental caries,1,F2,13,64,25.0,13.0,1,C2,C
1959,7,gender,1,F2,12,45914,7.0,6.0,2,B2,C
1960,13,gender,1,F2,9,45914,7.0,6.0,2,B2,C
1961,18,gender,1,F2,12,45914,7.0,6.0,2,B2,C
1962,20,gender,1,F2,12,45914,7.0,6.0,2,B2,C
1963,22,gender,1,F2,8,45914,7.0,6.0,2,B2,C
1964,25,gender,1,F2,13,45914,7.0,6.0,2,B2,C
1965,28,gender,1,F2,12,45914,7.0,6.0,2,B2,C
1966,41,gender,1,F2,10,45914,7.0,6.0,2,B2,C
1967,45,gender,1,F2,6,45914,7.0,6.0,2,B2,C
1968,47,gender,1,F2,3,45914,7.0,6.0,2,B2,C
1969,52,gender,1,F2,3,45914,7.0,6.0,2,B2,C
1970,58,gender,1,F2,3,45914,7.0,6.0,2,B2,C
1971,69,gender,1,F2,3,45914,7.0,6.0,2,B2,C
1972,70,gender,1,F2,3,45914,7.0,6.0,2,B2,C
1973,73,gender,1,F2,3,45914,7.0,6.0,2,B2,C
1974,74,gender,1,F2,4,45914,7.0,6.0,2,B2,C
1975,80,gender,1,F2,6,45914,7.0,6.0,2,B2,C
1976,85,gender,1,F2,6,45914,7.0,6.0,2,B2,C
1977,86,gender,1,F2,6,45914,7.0,6.0,2,B2,C
1978,89,gender,1,F2,3,45914,7.0,6.0,2,B2,C
1979,90,gender,1,F2,13,45914,7.0,6.0,2,B2,C
1980,97,gender,1,F2,8,45914,7.0,6.0,2,B2,C
1981,104,gender,1,F2,12,45914,7.0,6.0,2,B2,C
1982,106,gender,1,F2,11,45914,7.0,6.0,2,B2,C
1983,109,gender,1,F2,6,45914,7.0,6.0,2,B2,C
1984,118,gender,1,F2,9,45914,7.0,6.0,2,B2,C
1985,3,Gtp,1,F2,12,117,25.0,3.0,1,C2,N
1986,6,Gtp,1,F2,20,117,25.0,3.0,1,C2,N
1987,7,Gtp,1,F2,10,117,25.0,3.0,1,C2,N
1988,9,Gtp,1,F2,16,117,25.0,3.0,1,C2,N
1989,12,Gtp,1,F2,10,117,25.0,3.0,1,C2,N
1990,18,Gtp,1,F2,16,117,25.0,3.0,1,C2,N
1991,22,Gtp,1,F2,10,117,25.0,3.0,1,C2,N
1992,25,Gtp,1,F2,14,117,25.0,3.0,1,C2,N
1993,26,Gtp,1,F2,15,117,25.0,3.0,1,C2,N
1994,28,Gtp,1,F2,11,117,25.0,3.0,1,C2,N
1995,30,Gtp,1,F2,10,117,25.0,3.0,1,C2,N
1996,37,Gtp,1,F2,16,117,25.0,3.0,1,C2,N
1997,38,Gtp,1,F2,12,117,25.0,3.0,1,C2,N
1998,40,Gtp,1,F2,12,117,25.0,3.0,1,C2,N
1999,42,Gtp,1,F2,12,117,25.0,3.0,1,C2,N
2000,45,Gtp,1,F2,10,117,25.0,3.0,1,C2,N
2001,52,Gtp,1,F2,12,117,25.0,3.0,1,C2,N
2002,53,Gtp,1,F2,11,117,25.0,3.0,1,C2,N
2003,66,Gtp,1,F2,9,117,25.0,3.0,1,C2,N
2004,69,Gtp,1,F2,7,117,25.0,3.0,1,C2,N
2005,73,Gtp,1,F2,17,117,25.0,3.0,1,C2,N
2006,80,Gtp,1,F2,16,117,25.0,3.0,1,C2,N
2007,85,Gtp,1,F2,13,117,25.0,3.0,1,C2,N
2008,86,Gtp,1,F2,11,117,25.0,3.0,1,C2,N
2009,89,Gtp,1,F2,13,117,25.0,3.0,1,C2,N
2010,90,Gtp,1,F2,11,117,25.0,3.0,1,C2,N
2011,93,Gtp,1,F2,10,117,25.0,3.0,1,C2,N
2012,97,Gtp,1,F2,10,117,25.0,3.0,1,C2,N
2013,101,Gtp,1,F2,10,117,25.0,3.0,1,C2,N
2014,106,Gtp,1,F2,16,117,25.0,3.0,1,C2,N
2015,111,Gtp,1,F2,20,117,25.0,3.0,1,C2,N
2016,5,ALT,1,F2,20,1529,25.0,3.0,1,C2,N
2017,9,ALT,1,F2,16,1529,25.0,3.0,1,C2,N
2018,12,ALT,1,F2,8,1529,25.0,3.0,1,C2,N
2019,22,ALT,1,F2,10,1529,25.0,3.0,1,C2,N
2020,26,ALT,1,F2,14,1529,25.0,3.0,1,C2,N
2021,28,ALT,1,F2,12,1529,25.0,3.0,1,C2,N
2022,35,ALT,1,F2,12,1529,25.0,3.0,1,C2,N
2023,38,ALT,1,F2,12,1529,25.0,3.0,1,C2,N
2024,40,ALT,1,F2,12,1529,25.0,3.0,1,C2,N
2025,41,ALT,1,F2,19,1529,25.0,3.0,1,C2,N
2026,42,ALT,1,F2,14,1529,25.0,3.0,1,C2,N
2027,52,ALT,1,F2,10,1529,25.0,3.0,1,C2,N
2028,53,ALT,1,F2,12,1529,25.0,3.0,1,C2,N
2029,58,ALT,1,F2,11,1529,25.0,3.0,1,C2,N
2030,66,ALT,1,F2,17,1529,25.0,3.0,1,C2,N
2031,67,ALT,1,F2,18,1529,25.0,3.0,1,C2,N
2032,74,ALT,1,F2,12,1529,25.0,3.0,1,C2,N
2033,76,ALT,1,F2,12,1529,25.0,3.0,1,C2,N
2034,88,ALT,1,F2,17,1529,25.0,3.0,1,C2,N
2035,89,ALT,1,F2,16,1529,25.0,3.0,1,C2,N
2036,90,ALT,1,F2,11,1529,25.0,3.0,1,C2,N
2037,93,ALT,1,F2,16,1529,25.0,3.0,1,C2,N
2038,105,ALT,1,F2,15,1529,25.0,3.0,1,C2,N
2039,109,ALT,1,F2,12,1529,25.0,3.0,1,C2,N
2040,3,AST,1,F2,12,503,25.0,3.0,1,C2,N
2041,5,AST,1,F2,20,503,25.0,3.0,1,C2,N
2042,6,AST,1,F2,20,503,25.0,3.0,1,C2,N
2043,7,AST,1,F2,13,503,25.0,3.0,1,C2,N
2044,9,AST,1,F2,16,503,25.0,3.0,1,C2,N
2045,14,AST,1,F2,10,503,25.0,3.0,1,C2,N
2046,18,AST,1,F2,16,503,25.0,3.0,1,C2,N
2047,22,AST,1,F2,8,503,25.0,3.0,1,C2,N
2048,28,AST,1,F2,12,503,25.0,3.0,1,C2,N
2049,30,AST,1,F2,15,503,25.0,3.0,1,C2,N
2050,34,AST,1,F2,13,503,25.0,3.0,1,C2,N
2051,38,AST,1,F2,14,503,25.0,3.0,1,C2,N
2052,42,AST,1,F2,12,503,25.0,3.0,1,C2,N
2053,47,AST,1,F2,15,503,25.0,3.0,1,C2,N
2054,57,AST,1,F2,12,503,25.0,3.0,1,C2,N
2055,58,AST,1,F2,11,503,25.0,3.0,1,C2,N
2056,66,AST,1,F2,17,503,25.0,3.0,1,C2,N
2057,67,AST,1,F2,18,503,25.0,3.0,1,C2,N
2058,69,AST,1,F2,8,503,25.0,3.0,1,C2,N
2059,70,AST,1,F2,13,503,25.0,3.0,1,C2,N
2060,74,AST,1,F2,17,503,25.0,3.0,1,C2,N
2061,77,AST,1,F2,10,503,25.0,3.0,1,C2,N
2062,80,AST,1,F2,16,503,25.0,3.0,1,C2,N
2063,83,AST,1,F2,4,503,25.0,3.0,1,C2,N
2064,85,AST,1,F2,14,503,25.0,3.0,1,C2,N
2065,86,AST,1,F2,11,503,25.0,3.0,1,C2,N
2066,89,AST,1,F2,11,503,25.0,3.0,1,C2,N
2067,93,AST,1,F2,16,503,25.0,3.0,1,C2,N
2068,105,AST,1,F2,16,503,25.0,3.0,1,C2,N
2069,111,AST,1,F2,20,503,25.0,3.0,1,C2,N
2070,116,AST,1,F2,13,503,25.0,3.0,1,C2,N
2071,3,serum creatinine,1,F2,11,172,25.0,16.0,1,C2,N
2072,5,serum creatinine,1,F2,20,172,25.0,16.0,1,C2,N
2073,7,serum creatinine,1,F2,17,172,25.0,16.0,1,C2,N
2074,9,serum creatinine,1,F2,12,172,25.0,16.0,1,C2,N
2075,13,serum creatinine,1,F2,14,172,25.0,16.0,1,C2,N
2076,14,serum creatinine,1,F2,10,172,25.0,16.0,1,C2,N
2077,25,serum creatinine,1,F2,13,172,25.0,16.0,1,C2,N
2078,28,serum creatinine,1,F2,16,172,25.0,16.0,1,C2,N
2079,34,serum creatinine,1,F2,15,172,25.0,16.0,1,C2,N
2080,41,serum creatinine,1,F2,19,172,25.0,16.0,1,C2,N
2081,42,serum creatinine,1,F2,13,172,25.0,16.0,1,C2,N
2082,45,serum creatinine,1,F2,8,172,25.0,16.0,1,C2,N
2083,52,serum creatinine,1,F2,12,172,25.0,16.0,1,C2,N
2084,53,serum creatinine,1,F2,11,172,25.0,16.0,1,C2,N
2085,66,serum creatinine,1,F2,11,172,25.0,16.0,1,C2,N
2086,69,serum creatinine,1,F2,11,172,25.0,16.0,1,C2,N
2087,73,serum creatinine,1,F2,11,172,25.0,16.0,1,C2,N
2088,83,serum creatinine,1,F2,16,172,25.0,16.0,1,C2,N
2089,84,serum creatinine,1,F2,13,172,25.0,16.0,1,C2,N
2090,85,serum creatinine,1,F2,16,172,25.0,16.0,1,C2,N
2091,88,serum creatinine,1,F2,16,172,25.0,16.0,1,C2,N
2092,90,serum creatinine,1,F2,11,172,25.0,16.0,1,C2,N
2093,101,serum creatinine,1,F2,7,172,25.0,16.0,1,C2,N
2094,104,serum creatinine,1,F2,17,172,25.0,16.0,1,C2,N
2095,105,serum creatinine,1,F2,16,172,25.0,16.0,1,C2,N
2096,107,serum creatinine,1,F2,14,172,25.0,16.0,1,C2,N
2097,109,serum creatinine,1,F2,13,172,25.0,16.0,1,C2,N
2098,111,serum creatinine,1,F2,17,172,25.0,16.0,1,C2,N
2099,118,serum creatinine,1,F2,14,172,25.0,16.0,1,C2,N
2100,14,urine protein,1,F2,12,15,10.39,13.0,1,C2,N
2101,20,urine protein,1,F2,13,15,10.39,13.0,1,C2,N
2102,26,urine protein,1,F2,15,15,10.39,13.0,1,C2,N
2103,28,urine protein,1,F2,16,15,10.39,13.0,1,C2,N
2104,30,urine protein,1,F2,11,15,10.39,13.0,1,C2,N
2105,35,urine protein,1,F2,16,15,10.39,13.0,1,C2,N
2106,37,urine protein,1,F2,13,15,10.39,13.0,1,C2,N
2107,40,urine protein,1,F2,13,15,10.39,13.0,1,C2,N
2108,41,urine protein,1,F2,16,15,10.39,13.0,1,C2,N
2109,45,urine protein,1,F2,10,15,10.39,13.0,1,C2,N
2110,52,urine protein,1,F2,10,15,10.39,13.0,1,C2,N
2111,53,urine protein,1,F2,16,15,10.39,13.0,1,C2,N
2112,58,urine protein,1,F2,17,15,10.39,13.0,1,C2,N
2113,61,urine protein,1,F2,8,15,10.39,13.0,1,C2,N
2114,66,urine protein,1,F2,11,15,10.39,13.0,1,C2,N
2115,67,urine protein,1,F2,17,15,10.39,13.0,1,C2,N
2116,69,urine protein,1,F2,9,15,10.39,13.0,1,C2,N
2117,76,urine protein,1,F2,16,15,10.39,13.0,1,C2,N
2118,80,urine protein,1,F2,10,15,10.39,13.0,1,C2,N
2119,82,urine protein,1,F2,17,15,10.39,13.0,1,C2,N
2120,83,urine protein,1,F2,20,15,10.39,13.0,1,C2,N
2121,89,urine protein,1,F2,18,15,10.39,13.0,1,C2,N
2122,90,urine protein,1,F2,16,15,10.39,13.0,1,C2,N
2123,95,urine protein,1,F2,7,15,10.39,13.0,1,C2,N
2124,101,urine protein,1,F2,9,15,10.39,13.0,1,C2,N
2125,104,urine protein,1,F2,17,15,10.39,13.0,1,C2,N
2126,106,urine protein,1,F2,18,15,10.39,13.0,1,C2,N
2127,111,urine protein,1,F2,20,15,10.39,13.0,1,C2,N
2128,113,urine protein,1,F2,17,15,10.39,13.0,1,C2,N
2129,118,urine protein,1,F2,13,15,10.39,13.0,1,C2,N
2130,119,urine protein,1,F2,12,15,10.39,13.0,1,C2,N
2131,3,hemoglobin,1,F2,10,860,13.45,10.0,1,C2,N
2132,6,hemoglobin,1,F2,20,860,13.45,10.0,1,C2,N
2133,12,hemoglobin,1,F2,16,860,13.45,10.0,1,C2,N
2134,13,hemoglobin,1,F2,16,860,13.45,10.0,1,C2,N
2135,14,hemoglobin,1,F2,16,860,13.45,10.0,1,C2,N
2136,18,hemoglobin,1,F2,17,860,13.45,10.0,1,C2,N
2137,25,hemoglobin,1,F2,13,860,13.45,10.0,1,C2,N
2138,30,hemoglobin,1,F2,18,860,13.45,10.0,1,C2,N
2139,35,hemoglobin,1,F2,16,860,13.45,10.0,1,C2,N
2140,37,hemoglobin,1,F2,17,860,13.45,10.0,1,C2,N
2141,38,hemoglobin,1,F2,16,860,13.45,10.0,1,C2,N
2142,41,hemoglobin,1,F2,17,860,13.45,10.0,1,C2,N
2143,47,hemoglobin,1,F2,16,860,13.45,10.0,1,C2,N
2144,57,hemoglobin,1,F2,16,860,13.45,10.0,1,C2,N
2145,58,hemoglobin,1,F2,8,860,13.45,10.0,1,C2,N
2146,61,hemoglobin,1,F2,7,860,13.45,10.0,1,C2,N
2147,67,hemoglobin,1,F2,17,860,13.45,10.0,1,C2,N
2148,69,hemoglobin,1,F2,8,860,13.45,10.0,1,C2,N
2149,76,hemoglobin,1,F2,9,860,13.45,10.0,1,C2,N
2150,77,hemoglobin,1,F2,15,860,13.45,10.0,1,C2,N
2151,82,hemoglobin,1,F2,19,860,13.45,10.0,1,C2,N
2152,84,hemoglobin,1,F2,15,860,13.45,10.0,1,C2,N
2153,85,hemoglobin,1,F2,15,860,13.45,10.0,1,C2,N
2154,93,hemoglobin,1,F2,13,860,13.45,10.0,1,C2,N
2155,95,hemoglobin,1,F2,19,860,13.45,10.0,1,C2,N
2156,105,hemoglobin,1,F2,17,860,13.45,10.0,1,C2,N
2157,106,hemoglobin,1,F2,16,860,13.45,10.0,1,C2,N
2158,109,hemoglobin,1,F2,16,860,13.45,10.0,1,C2,N
2159,111,hemoglobin,1,F2,20,860,13.45,10.0,1,C2,N
2160,116,hemoglobin,1,F2,17,860,13.45,10.0,1,C2,N
2161,118,hemoglobin,1,F2,13,860,13.45,10.0,1,C2,N
2162,3,LDL,1,F2,14,1216,25.0,3.0,1,C2,N
2163,5,LDL,1,F2,20,1216,25.0,3.0,1,C2,N
2164,13,LDL,1,F2,16,1216,25.0,3.0,1,C2,N
2165,18,LDL,1,F2,16,1216,25.0,3.0,1,C2,N
2166,20,LDL,1,F2,17,1216,25.0,3.0,1,C2,N
2167,26,LDL,1,F2,14,1216,25.0,3.0,1,C2,N
2168,30,LDL,1,F2,14,1216,25.0,3.0,1,C2,N
2169,35,LDL,1,F2,14,1216,25.0,3.0,1,C2,N
2170,41,LDL,1,F2,18,1216,25.0,3.0,1,C2,N
2171,42,LDL,1,F2,12,1216,25.0,3.0,1,C2,N
2172,52,LDL,1,F2,14,1216,25.0,3.0,1,C2,N
2173,58,LDL,1,F2,11,1216,25.0,3.0,1,C2,N
2174,66,LDL,1,F2,14,1216,25.0,3.0,1,C2,N
2175,69,LDL,1,F2,20,1216,25.0,3.0,1,C2,N
2176,70,LDL,1,F2,13,1216,25.0,3.0,1,C2,N
2177,73,LDL,1,F2,12,1216,25.0,3.0,1,C2,N
2178,76,LDL,1,F2,13,1216,25.0,3.0,1,C2,N
2179,82,LDL,1,F2,13,1216,25.0,3.0,1,C2,N
2180,84,LDL,1,F2,14,1216,25.0,3.0,1,C2,N
2181,85,LDL,1,F2,17,1216,25.0,3.0,1,C2,N
2182,89,LDL,1,F2,19,1216,25.0,3.0,1,C2,N
2183,93,LDL,1,F2,16,1216,25.0,3.0,1,C2,N
2184,97,LDL,1,F2,4,1216,25.0,3.0,1,C2,N
2185,101,LDL,1,F2,11,1216,25.0,3.0,1,C2,N
2186,107,LDL,1,F2,13,1216,25.0,3.0,1,C2,N
2187,109,LDL,1,F2,15,1216,25.0,3.0,1,C2,N
2188,111,LDL,1,F2,20,1216,25.0,3.0,1,C2,N
2189,116,LDL,1,F2,16,1216,25.0,3.0,1,C2,N
2190,119,LDL,1,F2,20,1216,25.0,3.0,1,C2,N
2191,3,HDL,1,F2,15,1061,25.0,3.0,1,C2,N
2192,5,HDL,1,F2,20,1061,25.0,3.0,1,C2,N
2193,6,HDL,1,F2,20,1061,25.0,3.0,1,C2,N
2194,12,HDL,1,F2,10,1061,25.0,3.0,1,C2,N
2195,20,HDL,1,F2,15,1061,25.0,3.0,1,C2,N
2196,22,HDL,1,F2,10,1061,25.0,3.0,1,C2,N
2197,25,HDL,1,F2,16,1061,25.0,3.0,1,C2,N
2198,26,HDL,1,F2,15,1061,25.0,3.0,1,C2,N
2199,30,HDL,1,F2,17,1061,25.0,3.0,1,C2,N
2200,35,HDL,1,F2,11,1061,25.0,3.0,1,C2,N
2201,42,HDL,1,F2,11,1061,25.0,3.0,1,C2,N
2202,45,HDL,1,F2,9,1061,25.0,3.0,1,C2,N
2203,47,HDL,1,F2,10,1061,25.0,3.0,1,C2,N
2204,53,HDL,1,F2,11,1061,25.0,3.0,1,C2,N
2205,57,HDL,1,F2,12,1061,25.0,3.0,1,C2,N
2206,58,HDL,1,F2,12,1061,25.0,3.0,1,C2,N
2207,61,HDL,1,F2,7,1061,25.0,3.0,1,C2,N
2208,66,HDL,1,F2,16,1061,25.0,3.0,1,C2,N
2209,67,HDL,1,F2,18,1061,25.0,3.0,1,C2,N
2210,76,HDL,1,F2,13,1061,25.0,3.0,1,C2,N
2211,77,HDL,1,F2,17,1061,25.0,3.0,1,C2,N
2212,82,HDL,1,F2,13,1061,25.0,3.0,1,C2,N
2213,84,HDL,1,F2,15,1061,25.0,3.0,1,C2,N
2214,88,HDL,1,F2,16,1061,25.0,3.0,1,C2,N
2215,90,HDL,1,F2,11,1061,25.0,3.0,1,C2,N
2216,95,HDL,1,F2,7,1061,25.0,3.0,1,C2,N
2217,97,HDL,1,F2,8,1061,25.0,3.0,1,C2,N
2218,101,HDL,1,F2,10,1061,25.0,3.0,1,C2,N
2219,105,HDL,1,F2,14,1061,25.0,3.0,1,C2,N
2220,106,HDL,1,F2,7,1061,25.0,3.0,1,C2,N
2221,109,HDL,1,F2,16,1061,25.0,3.0,1,C2,N
2222,111,HDL,1,F2,20,1061,25.0,3.0,1,C2,N
2223,118,HDL,1,F2,16,1061,25.0,3.0,1,C2,N
2224,119,HDL,1,F2,20,1061,25.0,3.0,1,C2,N
2225,7,triglyceride,1,F2,15,291,15.83,12.0,1,C2,N
2226,9,triglyceride,1,F2,16,291,15.83,12.0,1,C2,N
2227,12,triglyceride,1,F2,6,291,15.83,12.0,1,C2,N
2228,13,triglyceride,1,F2,17,291,15.83,12.0,1,C2,N
2229,14,triglyceride,1,F2,10,291,15.83,12.0,1,C2,N
2230,18,triglyceride,1,F2,17,291,15.83,12.0,1,C2,N
2231,25,triglyceride,1,F2,17,291,15.83,12.0,1,C2,N
2232,26,triglyceride,1,F2,13,291,15.83,12.0,1,C2,N
2233,30,triglyceride,1,F2,19,291,15.83,12.0,1,C2,N
2234,34,triglyceride,1,F2,16,291,15.83,12.0,1,C2,N
2235,41,triglyceride,1,F2,18,291,15.83,12.0,1,C2,N
2236,47,triglyceride,1,F2,12,291,15.83,12.0,1,C2,N
2237,52,triglyceride,1,F2,12,291,15.83,12.0,1,C2,N
2238,53,triglyceride,1,F2,11,291,15.83,12.0,1,C2,N
2239,61,triglyceride,1,F2,7,291,15.83,12.0,1,C2,N
2240,70,triglyceride,1,F2,15,291,15.83,12.0,1,C2,N
2241,73,triglyceride,1,F2,11,291,15.83,12.0,1,C2,N
2242,74,triglyceride,1,F2,13,291,15.83,12.0,1,C2,N
2243,76,triglyceride,1,F2,11,291,15.83,12.0,1,C2,N
2244,77,triglyceride,1,F2,11,291,15.83,12.0,1,C2,N
2245,80,triglyceride,1,F2,16,291,15.83,12.0,1,C2,N
2246,84,triglyceride,1,F2,14,291,15.83,12.0,1,C2,N
2247,85,triglyceride,1,F2,16,291,15.83,12.0,1,C2,N
2248,86,triglyceride,1,F2,13,291,15.83,12.0,1,C2,N
2249,89,triglyceride,1,F2,16,291,15.83,12.0,1,C2,N
2250,93,triglyceride,1,F2,10,291,15.83,12.0,1,C2,N
2251,97,triglyceride,1,F2,12,291,15.83,12.0,1,C2,N
2252,101,triglyceride,1,F2,8,291,15.83,12.0,1,C2,N
2253,106,triglyceride,1,F2,4,291,15.83,12.0,1,C2,N
2254,107,triglyceride,1,F2,17,291,15.83,12.0,1,C2,N
2255,109,triglyceride,1,F2,16,291,15.83,12.0,1,C2,N
2256,111,triglyceride,1,F2,18,291,15.83,12.0,1,C2,N
2257,113,triglyceride,1,F2,20,291,15.83,12.0,1,C2,N
2258,116,triglyceride,1,F2,17,291,15.83,12.0,1,C2,N
2259,3,Cholesterol,1,F2,14,14607,13.15,11.0,1,C2,N
2260,5,Cholesterol,1,F2,20,14607,13.15,11.0,1,C2,N
2261,6,Cholesterol,1,F2,20,14607,13.15,11.0,1,C2,N
2262,12,Cholesterol,1,F2,13,14607,13.15,11.0,1,C2,N
2263,22,Cholesterol,1,F2,16,14607,13.15,11.0,1,C2,N
2264,26,Cholesterol,1,F2,15,14607,13.15,11.0,1,C2,N
2265,28,Cholesterol,1,F2,17,14607,13.15,11.0,1,C2,N
2266,34,Cholesterol,1,F2,20,14607,13.15,11.0,1,C2,N
2267,37,Cholesterol,1,F2,16,14607,13.15,11.0,1,C2,N
2268,40,Cholesterol,1,F2,15,14607,13.15,11.0,1,C2,N
2269,41,Cholesterol,1,F2,12,14607,13.15,11.0,1,C2,N
2270,52,Cholesterol,1,F2,13,14607,13.15,11.0,1,C2,N
2271,61,Cholesterol,1,F2,6,14607,13.15,11.0,1,C2,N
2272,67,Cholesterol,1,F2,18,14607,13.15,11.0,1,C2,N
2273,76,Cholesterol,1,F2,10,14607,13.15,11.0,1,C2,N
2274,77,Cholesterol,1,F2,10,14607,13.15,11.0,1,C2,N
2275,80,Cholesterol,1,F2,10,14607,13.15,11.0,1,C2,N
2276,82,Cholesterol,1,F2,20,14607,13.15,11.0,1,C2,N
2277,83,Cholesterol,1,F2,20,14607,13.15,11.0,1,C2,N
2278,85,Cholesterol,1,F2,16,14607,13.15,11.0,1,C2,N
2279,86,Cholesterol,1,F2,14,14607,13.15,11.0,1,C2,N
2280,89,Cholesterol,1,F2,20,14607,13.15,11.0,1,C2,N
2281,90,Cholesterol,1,F2,17,14607,13.15,11.0,1,C2,N
2282,93,Cholesterol,1,F2,16,14607,13.15,11.0,1,C2,N
2283,95,Cholesterol,1,F2,8,14607,13.15,11.0,1,C2,N
2284,107,Cholesterol,1,F2,14,14607,13.15,11.0,1,C2,N
2285,111,Cholesterol,1,F2,20,14607,13.15,11.0,1,C2,N
2286,113,Cholesterol,1,F2,17,14607,13.15,11.0,1,C2,N
2287,116,Cholesterol,1,F2,17,14607,13.15,11.0,1,C2,N
2288,118,Cholesterol,1,F2,13,14607,13.15,11.0,1,C2,N
2289,5,fasting blood sugar,1,F2,20,37,25.0,19.0,1,C2,N
2290,13,fasting blood sugar,1,F2,16,37,25.0,19.0,1,C2,N
2291,14,fasting blood sugar,1,F2,11,37,25.0,19.0,1,C2,N
2292,20,fasting blood sugar,1,F2,16,37,25.0,19.0,1,C2,N
2293,34,fasting blood sugar,1,F2,16,37,25.0,19.0,1,C2,N
2294,37,fasting blood sugar,1,F2,14,37,25.0,19.0,1,C2,N
2295,53,fasting blood sugar,1,F2,13,37,25.0,19.0,1,C2,N
2296,69,fasting blood sugar,1,F2,7,37,25.0,19.0,1,C2,N
2297,70,fasting blood sugar,1,F2,15,37,25.0,19.0,1,C2,N
2298,83,fasting blood sugar,1,F2,17,37,25.0,19.0,1,C2,N
2299,84,fasting blood sugar,1,F2,13,37,25.0,19.0,1,C2,N
2300,85,fasting blood sugar,1,F2,16,37,25.0,19.0,1,C2,N
2301,86,fasting blood sugar,1,F2,9,37,25.0,19.0,1,C2,N
2302,88,fasting blood sugar,1,F2,19,37,25.0,19.0,1,C2,N
2303,95,fasting blood sugar,1,F2,7,37,25.0,19.0,1,C2,N
2304,97,fasting blood sugar,1,F2,17,37,25.0,19.0,1,C2,N
2305,104,fasting blood sugar,1,F2,16,37,25.0,19.0,1,C2,N
2306,105,fasting blood sugar,1,F2,15,37,25.0,19.0,1,C2,N
2307,107,fasting blood sugar,1,F2,7,37,25.0,19.0,1,C2,N
2308,113,fasting blood sugar,1,F2,14,37,25.0,19.0,1,C2,N
2309,116,fasting blood sugar,1,F2,14,37,25.0,19.0,1,C2,N
2310,118,fasting blood sugar,1,F2,16,37,25.0,19.0,1,C2,N
2311,119,fasting blood sugar,1,F2,15,37,25.0,19.0,1,C2,N
2312,3,relaxation,1,F2,13,3931,9.56,10.0,7,B1,N
2313,7,relaxation,1,F2,16,3931,9.56,10.0,7,B1,N
2314,14,relaxation,1,F2,11,3931,9.56,10.0,7,B1,N
2315,18,relaxation,1,F2,17,3931,9.56,10.0,7,B1,N
2316,20,relaxation,1,F2,10,3931,9.56,10.0,7,B1,N
2317,22,relaxation,1,F2,10,3931,9.56,10.0,7,B1,N
2318,28,relaxation,1,F2,11,3931,9.56,10.0,7,B1,N
2319,35,relaxation,1,F2,15,3931,9.56,10.0,7,B1,N
2320,38,relaxation,1,F2,10,3931,9.56,10.0,7,B1,N
2321,40,relaxation,1,F2,12,3931,9.56,10.0,7,B1,N
2322,45,relaxation,1,F2,8,3931,9.56,10.0,7,B1,N
2323,47,relaxation,1,F2,13,3931,9.56,10.0,7,B1,N
2324,52,relaxation,1,F2,5,3931,9.56,10.0,7,B1,N
2325,53,relaxation,1,F2,14,3931,9.56,10.0,7,B1,N
2326,57,relaxation,1,F2,12,3931,9.56,10.0,7,B1,N
2327,61,relaxation,1,F2,4,3931,9.56,10.0,7,B1,N
2328,67,relaxation,1,F2,18,3931,9.56,10.0,7,B1,N
2329,70,relaxation,1,F2,10,3931,9.56,10.0,7,B1,N
2330,73,relaxation,1,F2,11,3931,9.56,10.0,7,B1,N
2331,74,relaxation,1,F2,17,3931,9.56,10.0,7,B1,N
2332,76,relaxation,1,F2,6,3931,9.56,10.0,7,B1,N
2333,82,relaxation,1,F2,11,3931,9.56,10.0,7,B1,N
2334,83,relaxation,1,F2,12,3931,9.56,10.0,7,B1,N
2335,84,relaxation,1,F2,12,3931,9.56,10.0,7,B1,N
2336,86,relaxation,1,F2,9,3931,9.56,10.0,7,B1,N
2337,88,relaxation,1,F2,17,3931,9.56,10.0,7,B1,N
2338,89,relaxation,1,F2,11,3931,9.56,10.0,7,B1,N
2339,93,relaxation,1,F2,9,3931,9.56,10.0,7,B1,N
2340,97,relaxation,1,F2,11,3931,9.56,10.0,7,B1,N
2341,101,relaxation,1,F2,6,3931,9.56,10.0,7,B1,N
2342,104,relaxation,1,F2,17,3931,9.56,10.0,7,B1,N
2343,105,relaxation,1,F2,15,3931,9.56,10.0,7,B1,N
2344,107,relaxation,1,F2,16,3931,9.56,10.0,7,B1,N
2345,113,relaxation,1,F2,4,3931,9.56,10.0,7,B1,N
2346,119,relaxation,1,F2,10,3931,9.56,10.0,7,B1,N
2347,3,systolic,1,F2,13,782,17.23,8.0,1,C2,N
2348,7,systolic,1,F2,19,782,17.23,8.0,1,C2,N
2349,9,systolic,1,F2,14,782,17.23,8.0,1,C2,N
2350,13,systolic,1,F2,16,782,17.23,8.0,1,C2,N
2351,28,systolic,1,F2,13,782,17.23,8.0,1,C2,N
2352,34,systolic,1,F2,16,782,17.23,8.0,1,C2,N
2353,35,systolic,1,F2,14,782,17.23,8.0,1,C2,N
2354,38,systolic,1,F2,17,782,17.23,8.0,1,C2,N
2355,40,systolic,1,F2,16,782,17.23,8.0,1,C2,N
2356,41,systolic,1,F2,16,782,17.23,8.0,1,C2,N
2357,45,systolic,1,F2,9,782,17.23,8.0,1,C2,N
2358,57,systolic,1,F2,16,782,17.23,8.0,1,C2,N
2359,58,systolic,1,F2,15,782,17.23,8.0,1,C2,N
2360,66,systolic,1,F2,20,782,17.23,8.0,1,C2,N
2361,70,systolic,1,F2,13,782,17.23,8.0,1,C2,N
2362,73,systolic,1,F2,12,782,17.23,8.0,1,C2,N
2363,77,systolic,1,F2,13,782,17.23,8.0,1,C2,N
2364,83,systolic,1,F2,6,782,17.23,8.0,1,C2,N
2365,84,systolic,1,F2,12,782,17.23,8.0,1,C2,N
2366,85,systolic,1,F2,17,782,17.23,8.0,1,C2,N
2367,88,systolic,1,F2,18,782,17.23,8.0,1,C2,N
2368,93,systolic,1,F2,16,782,17.23,8.0,1,C2,N
2369,97,systolic,1,F2,17,782,17.23,8.0,1,C2,N
2370,116,systolic,1,F2,14,782,17.23,8.0,1,C2,N
2371,118,systolic,1,F2,14,782,17.23,8.0,1,C2,N
2372,12,hearing (right),1,F2,9,71974,6.05,15.0,7,A1,C
2373,14,hearing (right),1,F2,3,71974,6.05,15.0,7,A1,C
2374,18,hearing (right),1,F2,11,71974,6.05,15.0,7,A1,C
2375,22,hearing (right),1,F2,5,71974,6.05,15.0,7,A1,C
2376,26,hearing (right),1,F2,9,71974,6.05,15.0,7,A1,C
2377,37,hearing (right),1,F2,4,71974,6.05,15.0,7,A1,C
2378,42,hearing (right),1,F2,7,71974,6.05,15.0,7,A1,C
2379,47,hearing (right),1,F2,6,71974,6.05,15.0,7,A1,C
2380,52,hearing (right),1,F2,3,71974,6.05,15.0,7,A1,C
2381,61,hearing (right),1,F2,3,71974,6.05,15.0,7,A1,C
2382,66,hearing (right),1,F2,6,71974,6.05,15.0,7,A1,C
2383,67,hearing (right),1,F2,14,71974,6.05,15.0,7,A1,C
2384,70,hearing (right),1,F2,6,71974,6.05,15.0,7,A1,C
2385,73,hearing (right),1,F2,3,71974,6.05,15.0,7,A1,C
2386,74,hearing (right),1,F2,14,71974,6.05,15.0,7,A1,C
2387,82,hearing (right),1,F2,6,71974,6.05,15.0,7,A1,C
2388,95,hearing (right),1,F2,3,71974,6.05,15.0,7,A1,C
2389,106,hearing (right),1,F2,6,71974,6.05,15.0,7,A1,C
2390,109,hearing (right),1,F2,7,71974,6.05,15.0,7,A1,C
2391,111,hearing (right),1,F2,15,71974,6.05,15.0,7,A1,C
2392,118,hearing (right),1,F2,6,71974,6.05,15.0,7,A1,C
2393,119,hearing (right),1,F2,4,71974,6.05,15.0,7,A1,C
2394,5,hearing (left),1,F2,15,71974,6.05,14.0,7,A1,C
2395,6,hearing (left),1,F2,15,71974,6.05,14.0,7,A1,C
2396,9,hearing (left),1,F2,12,71974,6.05,14.0,7,A1,C
2397,13,hearing (left),1,F2,12,71974,6.05,14.0,7,A1,C
2398,20,hearing (left),1,F2,7,71974,6.05,14.0,7,A1,C
2399,22,hearing (left),1,F2,3,71974,6.05,14.0,7,A1,C
2400,25,hearing (left),1,F2,11,71974,6.05,14.0,7,A1,C
2401,30,hearing (left),1,F2,5,71974,6.05,14.0,7,A1,C
2402,34,hearing (left),1,F2,10,71974,6.05,14.0,7,A1,C
2403,35,hearing (left),1,F2,10,71974,6.05,14.0,7,A1,C
2404,37,hearing (left),1,F2,3,71974,6.05,14.0,7,A1,C
2405,38,hearing (left),1,F2,3,71974,6.05,14.0,7,A1,C
2406,40,hearing (left),1,F2,9,71974,6.05,14.0,7,A1,C
2407,42,hearing (left),1,F2,6,71974,6.05,14.0,7,A1,C
2408,52,hearing (left),1,F2,3,71974,6.05,14.0,7,A1,C
2409,57,hearing (left),1,F2,7,71974,6.05,14.0,7,A1,C
2410,67,hearing (left),1,F2,11,71974,6.05,14.0,7,A1,C
2411,69,hearing (left),1,F2,3,71974,6.05,14.0,7,A1,C
2412,74,hearing (left),1,F2,5,71974,6.05,14.0,7,A1,C
2413,77,hearing (left),1,F2,9,71974,6.05,14.0,7,A1,C
2414,82,hearing (left),1,F2,6,71974,6.05,14.0,7,A1,C
2415,83,hearing (left),1,F2,15,71974,6.05,14.0,7,A1,C
2416,85,hearing (left),1,F2,8,71974,6.05,14.0,7,A1,C
2417,86,hearing (left),1,F2,6,71974,6.05,14.0,7,A1,C
2418,88,hearing (left),1,F2,15,71974,6.05,14.0,7,A1,C
2419,89,hearing (left),1,F2,3,71974,6.05,14.0,7,A1,C
2420,93,hearing (left),1,F2,6,71974,6.05,14.0,7,A1,C
2421,105,hearing (left),1,F2,11,71974,6.05,14.0,7,A1,C
2422,106,hearing (left),1,F2,5,71974,6.05,14.0,7,A1,C
2423,107,hearing (left),1,F2,5,71974,6.05,14.0,7,A1,C
2424,113,hearing (left),1,F2,3,71974,6.05,14.0,7,A1,C
2425,119,hearing (left),1,F2,3,71974,6.05,14.0,7,A1,C
2426,5,eyesight (right),1,F2,20,1583,7.59,16.0,1,B2,N
2427,6,eyesight (right),1,F2,20,1583,7.59,16.0,1,B2,N
2428,7,eyesight (right),1,F2,14,1583,7.59,16.0,1,B2,N
2429,12,eyesight (right),1,F2,15,1583,7.59,16.0,1,B2,N
2430,13,eyesight (right),1,F2,10,1583,7.59,16.0,1,B2,N
2431,14,eyesight (right),1,F2,11,1583,7.59,16.0,1,B2,N
2432,20,eyesight (right),1,F2,14,1583,7.59,16.0,1,B2,N
2433,25,eyesight (right),1,F2,14,1583,7.59,16.0,1,B2,N
2434,30,eyesight (right),1,F2,10,1583,7.59,16.0,1,B2,N
2435,34,eyesight (right),1,F2,14,1583,7.59,16.0,1,B2,N
2436,42,eyesight (right),1,F2,13,1583,7.59,16.0,1,B2,N
2437,45,eyesight (right),1,F2,9,1583,7.59,16.0,1,B2,N
2438,52,eyesight (right),1,F2,7,1583,7.59,16.0,1,B2,N
2439,57,eyesight (right),1,F2,13,1583,7.59,16.0,1,B2,N
2440,58,eyesight (right),1,F2,18,1583,7.59,16.0,1,B2,N
2441,67,eyesight (right),1,F2,19,1583,7.59,16.0,1,B2,N
2442,70,eyesight (right),1,F2,10,1583,7.59,16.0,1,B2,N
2443,73,eyesight (right),1,F2,11,1583,7.59,16.0,1,B2,N
2444,74,eyesight (right),1,F2,11,1583,7.59,16.0,1,B2,N
2445,76,eyesight (right),1,F2,7,1583,7.59,16.0,1,B2,N
2446,77,eyesight (right),1,F2,10,1583,7.59,16.0,1,B2,N
2447,82,eyesight (right),1,F2,14,1583,7.59,16.0,1,B2,N
2448,86,eyesight (right),1,F2,11,1583,7.59,16.0,1,B2,N
2449,88,eyesight (right),1,F2,19,1583,7.59,16.0,1,B2,N
2450,90,eyesight (right),1,F2,9,1583,7.59,16.0,1,B2,N
2451,95,eyesight (right),1,F2,8,1583,7.59,16.0,1,B2,N
2452,101,eyesight (right),1,F2,5,1583,7.59,16.0,1,B2,N
2453,104,eyesight (right),1,F2,17,1583,7.59,16.0,1,B2,N
2454,105,eyesight (right),1,F2,16,1583,7.59,16.0,1,B2,N
2455,106,eyesight (right),1,F2,16,1583,7.59,16.0,1,B2,N
2456,111,eyesight (right),1,F2,20,1583,7.59,16.0,1,B2,N
2457,113,eyesight (right),1,F2,8,1583,7.59,16.0,1,B2,N
2458,116,eyesight (right),1,F2,7,1583,7.59,16.0,1,B2,N
2459,119,eyesight (right),1,F2,16,1583,7.59,16.0,1,B2,N
2460,9,eyesight (left),1,F2,16,1583,7.59,15.0,1,B2,N
2461,12,eyesight (left),1,F2,14,1583,7.59,15.0,1,B2,N
2462,13,eyesight (left),1,F2,16,1583,7.59,15.0,1,B2,N
2463,20,eyesight (left),1,F2,14,1583,7.59,15.0,1,B2,N
2464,25,eyesight (left),1,F2,14,1583,7.59,15.0,1,B2,N
2465,26,eyesight (left),1,F2,13,1583,7.59,15.0,1,B2,N
2466,28,eyesight (left),1,F2,16,1583,7.59,15.0,1,B2,N
2467,30,eyesight (left),1,F2,11,1583,7.59,15.0,1,B2,N
2468,34,eyesight (left),1,F2,13,1583,7.59,15.0,1,B2,N
2469,37,eyesight (left),1,F2,11,1583,7.59,15.0,1,B2,N
2470,40,eyesight (left),1,F2,12,1583,7.59,15.0,1,B2,N
2471,47,eyesight (left),1,F2,10,1583,7.59,15.0,1,B2,N
2472,53,eyesight (left),1,F2,16,1583,7.59,15.0,1,B2,N
2473,67,eyesight (left),1,F2,17,1583,7.59,15.0,1,B2,N
2474,76,eyesight (left),1,F2,7,1583,7.59,15.0,1,B2,N
2475,83,eyesight (left),1,F2,20,1583,7.59,15.0,1,B2,N
2476,84,eyesight (left),1,F2,8,1583,7.59,15.0,1,B2,N
2477,85,eyesight (left),1,F2,13,1583,7.59,15.0,1,B2,N
2478,86,eyesight (left),1,F2,9,1583,7.59,15.0,1,B2,N
2479,90,eyesight (left),1,F2,9,1583,7.59,15.0,1,B2,N
2480,95,eyesight (left),1,F2,12,1583,7.59,15.0,1,B2,N
2481,97,eyesight (left),1,F2,8,1583,7.59,15.0,1,B2,N
2482,106,eyesight (left),1,F2,17,1583,7.59,15.0,1,B2,N
2483,107,eyesight (left),1,F2,6,1583,7.59,15.0,1,B2,N
2484,113,eyesight (left),1,F2,8,1583,7.59,15.0,1,B2,N
2485,116,eyesight (left),1,F2,7,1583,7.59,15.0,1,B2,N
2486,119,eyesight (left),1,F2,9,1583,7.59,15.0,1,B2,N
2487,3,waist,1,F2,14,11167,6.42,5.0,2,B2,N
2488,5,waist,1,F2,20,11167,6.42,5.0,2,B2,N
2489,9,waist,1,F2,8,11167,6.42,5.0,2,B2,N
2490,12,waist,1,F2,11,11167,6.42,5.0,2,B2,N
2491,22,waist,1,F2,7,11167,6.42,5.0,2,B2,N
2492,26,waist,1,F2,7,11167,6.42,5.0,2,B2,N
2493,28,waist,1,F2,17,11167,6.42,5.0,2,B2,N
2494,35,waist,1,F2,17,11167,6.42,5.0,2,B2,N
2495,37,waist,1,F2,12,11167,6.42,5.0,2,B2,N
2496,38,waist,1,F2,8,11167,6.42,5.0,2,B2,N
2497,42,waist,1,F2,13,11167,6.42,5.0,2,B2,N
2498,45,waist,1,F2,9,11167,6.42,5.0,2,B2,N
2499,47,waist,1,F2,10,11167,6.42,5.0,2,B2,N
2500,53,waist,1,F2,9,11167,6.42,5.0,2,B2,N
2501,57,waist,1,F2,13,11167,6.42,5.0,2,B2,N
2502,61,waist,1,F2,7,11167,6.42,5.0,2,B2,N
2503,66,waist,1,F2,14,11167,6.42,5.0,2,B2,N
2504,69,waist,1,F2,16,11167,6.42,5.0,2,B2,N
2505,73,waist,1,F2,8,11167,6.42,5.0,2,B2,N
2506,74,waist,1,F2,8,11167,6.42,5.0,2,B2,N
2507,76,waist,1,F2,10,11167,6.42,5.0,2,B2,N
2508,77,waist,1,F2,10,11167,6.42,5.0,2,B2,N
2509,80,waist,1,F2,10,11167,6.42,5.0,2,B2,N
2510,83,waist,1,F2,12,11167,6.42,5.0,2,B2,N
2511,84,waist,1,F2,11,11167,6.42,5.0,2,B2,N
2512,88,waist,1,F2,17,11167,6.42,5.0,2,B2,N
2513,90,waist,1,F2,14,11167,6.42,5.0,2,B2,N
2514,95,waist,1,F2,7,11167,6.42,5.0,2,B2,N
2515,97,waist,1,F2,8,11167,6.42,5.0,2,B2,N
2516,105,waist,1,F2,16,11167,6.42,5.0,2,B2,N
2517,106,waist,1,F2,9,11167,6.42,5.0,2,B2,N
2518,113,waist,1,F2,16,11167,6.42,5.0,2,B2,N
2519,6,weight,1,F2,20,86228,6.53,6.0,8,B1,N
2520,7,weight,1,F2,17,86228,6.53,6.0,8,B1,N
2521,13,weight,1,F2,16,86228,6.53,6.0,8,B1,N
2522,18,weight,1,F2,17,86228,6.53,6.0,8,B1,N
2523,22,weight,1,F2,13,86228,6.53,6.0,8,B1,N
2524,25,weight,1,F2,20,86228,6.53,6.0,8,B1,N
2525,35,weight,1,F2,8,86228,6.53,6.0,8,B1,N
2526,37,weight,1,F2,11,86228,6.53,6.0,8,B1,N
2527,38,weight,1,F2,8,86228,6.53,6.0,8,B1,N
2528,42,weight,1,F2,11,86228,6.53,6.0,8,B1,N
2529,45,weight,1,F2,11,86228,6.53,6.0,8,B1,N
2530,47,weight,1,F2,14,86228,6.53,6.0,8,B1,N
2531,57,weight,1,F2,10,86228,6.53,6.0,8,B1,N
2532,58,weight,1,F2,17,86228,6.53,6.0,8,B1,N
2533,61,weight,1,F2,8,86228,6.53,6.0,8,B1,N
2534,69,weight,1,F2,17,86228,6.53,6.0,8,B1,N
2535,70,weight,1,F2,10,86228,6.53,6.0,8,B1,N
2536,77,weight,1,F2,8,86228,6.53,6.0,8,B1,N
2537,80,weight,1,F2,8,86228,6.53,6.0,8,B1,N
2538,82,weight,1,F2,14,86228,6.53,6.0,8,B1,N
2539,83,weight,1,F2,12,86228,6.53,6.0,8,B1,N
2540,86,weight,1,F2,10,86228,6.53,6.0,8,B1,N
2541,88,weight,1,F2,20,86228,6.53,6.0,8,B1,N
2542,89,weight,1,F2,19,86228,6.53,6.0,8,B1,N
2543,93,weight,1,F2,13,86228,6.53,6.0,8,B1,N
2544,97,weight,1,F2,13,86228,6.53,6.0,8,B1,N
2545,104,weight,1,F2,16,86228,6.53,6.0,8,B1,N
2546,105,weight,1,F2,17,86228,6.53,6.0,8,B1,N
2547,107,weight,1,F2,17,86228,6.53,6.0,8,B1,N
2548,109,weight,1,F2,15,86228,6.53,6.0,8,B1,N
2549,113,weight,1,F2,8,86228,6.53,6.0,8,B1,N
2550,118,weight,1,F2,15,86228,6.53,6.0,8,B1,N
2551,5,height,1,F2,20,30932,5.42,6.0,4,B1,N
2552,6,height,1,F2,20,30932,5.42,6.0,4,B1,N
2553,9,height,1,F2,8,30932,5.42,6.0,4,B1,N
2554,14,height,1,F2,8,30932,5.42,6.0,4,B1,N
2555,25,height,1,F2,15,30932,5.42,6.0,4,B1,N
2556,30,height,1,F2,8,30932,5.42,6.0,4,B1,N
2557,35,height,1,F2,8,30932,5.42,6.0,4,B1,N
2558,38,height,1,F2,8,30932,5.42,6.0,4,B1,N
2559,40,height,1,F2,14,30932,5.42,6.0,4,B1,N
2560,53,height,1,F2,11,30932,5.42,6.0,4,B1,N
2561,57,height,1,F2,10,30932,5.42,6.0,4,B1,N
2562,58,height,1,F2,11,30932,5.42,6.0,4,B1,N
2563,61,height,1,F2,8,30932,5.42,6.0,4,B1,N
2564,67,height,1,F2,19,30932,5.42,6.0,4,B1,N
2565,70,height,1,F2,10,30932,5.42,6.0,4,B1,N
2566,80,height,1,F2,10,30932,5.42,6.0,4,B1,N
2567,82,height,1,F2,8,30932,5.42,6.0,4,B1,N
2568,83,height,1,F2,12,30932,5.42,6.0,4,B1,N
2569,84,height,1,F2,8,30932,5.42,6.0,4,B1,N
2570,95,height,1,F2,7,30932,5.42,6.0,4,B1,N
2571,97,height,1,F2,9,30932,5.42,6.0,4,B1,N
2572,101,height,1,F2,7,30932,5.42,6.0,4,B1,N
2573,104,height,1,F2,18,30932,5.42,6.0,4,B1,N
2574,106,height,1,F2,18,30932,5.42,6.0,4,B1,N
2575,107,height,1,F2,8,30932,5.42,6.0,4,B1,N
2576,109,height,1,F2,11,30932,5.42,6.0,4,B1,N
2577,113,height,1,F2,8,30932,5.42,6.0,4,B1,N
2578,116,height,1,F2,8,30932,5.42,6.0,4,B1,N
2579,119,height,1,F2,8,30932,5.42,6.0,4,B1,N
2580,3,Age,1,F2,11,202733,4.38,3.0,8,A1,N
2581,6,Age,1,F2,20,202733,4.38,3.0,8,A1,N
2582,7,Age,1,F2,16,202733,4.38,3.0,8,A1,N
2583,12,Age,1,F2,14,202733,4.38,3.0,8,A1,N
2584,18,Age,1,F2,20,202733,4.38,3.0,8,A1,N
2585,20,Age,1,F2,18,202733,4.38,3.0,8,A1,N
2586,22,Age,1,F2,12,202733,4.38,3.0,8,A1,N
2587,26,Age,1,F2,9,202733,4.38,3.0,8,A1,N
2588,30,Age,1,F2,13,202733,4.38,3.0,8,A1,N
2589,34,Age,1,F2,4,202733,4.38,3.0,8,A1,N
2590,40,Age,1,F2,17,202733,4.38,3.0,8,A1,N
2591,41,Age,1,F2,16,202733,4.38,3.0,8,A1,N
2592,47,Age,1,F2,11,202733,4.38,3.0,8,A1,N
2593,57,Age,1,F2,15,202733,4.38,3.0,8,A1,N
2594,61,Age,1,F2,4,202733,4.38,3.0,8,A1,N
2595,69,Age,1,F2,8,202733,4.38,3.0,8,A1,N
2596,74,Age,1,F2,11,202733,4.38,3.0,8,A1,N
2597,77,Age,1,F2,18,202733,4.38,3.0,8,A1,N
2598,80,Age,1,F2,10,202733,4.38,3.0,8,A1,N
2599,82,Age,1,F2,8,202733,4.38,3.0,8,A1,N
2600,88,Age,1,F2,18,202733,4.38,3.0,8,A1,N
2601,90,Age,1,F2,17,202733,4.38,3.0,8,A1,N
2602,95,Age,1,F2,4,202733,4.38,3.0,8,A1,N
2603,101,Age,1,F2,5,202733,4.38,3.0,8,A1,N
2604,104,Age,1,F2,17,202733,4.38,3.0,8,A1,N
2605,109,Age,1,F2,7,202733,4.38,3.0,8,A1,N
2606,113,Age,1,F2,8,202733,4.38,3.0,8,A1,N
2607,118,Age,1,F2,14,202733,4.38,3.0,8,A1,N
